point,n,type,variety,dbdsdc_seconds,dbdsvr_seconds,speedup_dbdsdc_over_dbdsvr,winner,dbdsdc_repetitions,dbdsvr_repetitions,dbdsvr_backend_path
1,500,1,110 ones spectrum,0.0008340039374999998,0.002724870515625,0.30607103446480843,DBDSDC,64,64,1
2,500,2,"111 uniform, ε apart",0.004397822046875002,0.025901404281250002,0.16979087307859136,DBDSDC,64,32,1
3,500,3,"112 uniform, ε¹ᐟ⁴ apart",0.08563486174999999,0.020130639406249998,4.253956370775424,DBDSVR,8,32,1
4,500,4,113 uniform ε → 1,0.094152361,0.009636714531250003,9.770172260959074,DBDSVR,8,64,1
5,500,5,"114 uniform ε → 1, signed",0.060742017499999995,0.020311963125,2.99045528618741,DBDSVR,16,32,1
6,500,6,115 geometric ε → 1,0.010238729578125001,0.023946099249999995,0.4275740057381163,DBDSDC,64,32,1
7,500,7,"116 geometric ε → 1, signed",0.005079012421874999,0.030125260249999997,0.16859646621227115,DBDSDC,64,32,1
8,500,8,117 random spectrum,0.010622296671874995,0.03047546528125,0.3485524035103199,DBDSDC,64,32,1
9,500,9,118 clustered at 1,0.008075110484374998,0.032540231812499994,0.2481577430334417,DBDSDC,64,16,1
10,500,10,119 clustered at ±1,0.0011757327968749997,0.0110019131875,0.10686621288839357,DBDSDC,64,64,1
11,500,11,120 clustered at ε,0.000253243984375,0.0010034026875,0.25238519642195,DBDSDC,64,64,1
12,500,12,121 clustered at ±ε,0.0004919565625000001,0.00122951228125,0.4001233415902491,DBDSDC,64,64,1
13,500,13,200 ABCON0,0.10630010100000001,0.0109443493125,9.712784009789436,DBDSVR,8,64,1
14,500,14,201 ABCON1,0.10954142950000001,0.011048327156249997,9.914752518713463,DBDSVR,8,64,1
15,500,15,202 ABCON2,0.11339437712499999,0.011224327640624998,10.102554091042723,DBDSVR,8,64,1
16,500,16,203 ABCON3,0.10907054725,0.011022839812499999,9.89495893121054,DBDSVR,8,64,1
17,500,17,210 random bidiagonal,0.010383319374999998,0.020667423625,0.5024002780123978,DBDSDC,64,32,1
18,500,18,220 GRADP,0.000456783859375,0.001784078796875,0.2560334555710793,DBDSDC,64,64,1
19,500,19,221 GRADM,0.0007295434062499999,0.001780660124999999,0.40970390475273905,DBDSDC,64,64,1
20,500,20,222 Wilkinson+,0.0042696604062499996,0.05134468531250001,0.08315681321763868,DBDSDC,64,16,1
21,500,21,223 Wilkinson−,0.0039484517343750004,0.007659880453125001,0.5154717176772845,DBDSDC,64,64,1
22,500,22,224 Wilkinson W,0.0034091199687500007,0.008354878609374998,0.40803943757179567,DBDSDC,64,64,3
23,500,23,225 double Wilkinson W,0.0031447528125000007,0.016958952124999996,0.18543320302580318,DBDSDC,64,32,3
24,500,24,230 Clement,0.10508260075,0.008995836046874999,11.681248991471328,DBDSVR,8,64,1
25,500,25,240 GRO0,0.01756998028125,0.001636058171875,10.739214890576887,DBDSVR,32,64,1
26,500,26,241 GRO1,0.018385601499999994,0.0016412775937500001,11.20200602872575,DBDSVR,32,64,1
27,500,27,242 GRO2,0.01749984034375,0.0016771045468749997,10.43455542253343,DBDSVR,32,64,1
28,500,28,243 GRO3,0.0174004035625,0.0016886309531250004,10.304444277951086,DBDSVR,32,64,1
29,500,29,244 bidiagonal Wilkinson+,0.0034643407031250003,0.049761173312500004,0.06961935325296596,DBDSDC,64,16,1
30,1000,1,110 ones spectrum,0.0036906504374999995,0.013027862390624997,0.28328902523224647,DBDSDC,64,64,1
31,1000,2,"111 uniform, ε apart",0.023896661343749993,0.107760309125,0.22175754262202702,DBDSDC,32,8,1
32,1000,3,"112 uniform, ε¹ᐟ⁴ apart",0.42212524949999997,0.080283853875,5.257909643416454,DBDSVR,2,8,1
33,1000,4,113 uniform ε → 1,0.4153793735,0.042467425625,9.781129121598362,DBDSVR,2,16,1
34,1000,5,"114 uniform ε → 1, signed",0.21479071900000002,0.0835451735,2.570953054517267,DBDSVR,4,8,1
35,1000,6,115 geometric ε → 1,0.0330692561875,0.08236197075000001,0.4015112300782336,DBDSDC,16,8,1
36,1000,7,"116 geometric ε → 1, signed",0.01729833853125,0.120599687,0.14343601514695473,DBDSDC,32,8,1
37,1000,8,117 random spectrum,0.027364755875,0.12015741675,0.22774088038140186,DBDSDC,32,8,1
38,1000,9,118 clustered at 1,0.021366490218750003,0.12581550675,0.16982398092793122,DBDSDC,32,4,1
39,1000,10,119 clustered at ±1,0.006167560265624999,0.05246915037500001,0.11754641006277201,DBDSDC,64,16,1
40,1000,11,120 clustered at ε,0.0010688129843749998,0.0061396212499999995,0.17408451447636122,DBDSDC,64,64,1
41,1000,12,121 clustered at ±ε,0.00242221421875,0.007482128015624999,0.3237333301023007,DBDSDC,64,64,1
42,1000,13,200 ABCON0,0.521291634,0.0493092276875,10.571888030851245,DBDSVR,1,16,1
43,1000,14,201 ABCON1,0.541104987,0.052528216062499994,10.301225275881698,DBDSVR,1,16,1
44,1000,15,202 ABCON2,0.523177232,0.052282049312499995,10.006823352942188,DBDSVR,1,16,1
45,1000,16,203 ABCON3,0.52669699,0.052444354624999995,10.042968280687468,DBDSVR,1,16,1
46,1000,17,210 random bidiagonal,0.024518460937500007,0.083923829,0.29215136189150764,DBDSDC,32,8,1
47,1000,18,220 GRADP,0.0012643282812500004,0.008574073265625,0.14745946787262942,DBDSDC,64,64,1
48,1000,19,221 GRADM,0.0024961576250000003,0.008608944609374999,0.2899493187912634,DBDSDC,64,64,1
49,1000,20,222 Wilkinson+,0.013412642843750005,0.232013564,0.05780973582971211,DBDSDC,32,4,1
50,1000,21,223 Wilkinson−,0.012129284562499999,0.033362667875,0.36355859213492225,DBDSDC,64,16,1
51,1000,22,224 Wilkinson W,0.012170262359374996,0.0359568738125,0.3384683113119846,DBDSDC,64,16,3
52,1000,23,225 double Wilkinson W,0.010255675468750003,0.0730688165,0.14035639223402507,DBDSDC,64,8,3
53,1000,24,230 Clement,0.524716795,0.039319972,13.344790657531496,DBDSVR,1,16,1
54,1000,25,240 GRO0,0.078472307875,0.007820023125,10.03479230440255,DBDSVR,8,64,1
55,1000,26,241 GRO1,0.078345471125,0.007859128312500002,9.968722739949538,DBDSVR,8,64,1
56,1000,27,242 GRO2,0.078241129875,0.008095989140624999,9.664184143033557,DBDSVR,8,64,1
57,1000,28,243 GRO3,0.07778196025,0.00816493084375,9.52634648578067,DBDSVR,8,64,1
58,1000,29,244 bidiagonal Wilkinson+,0.012742170484375002,0.21680204325000002,0.05877329518376207,DBDSDC,64,4,1
59,2000,1,110 ones spectrum,0.023569985937500003,0.054483645812499995,0.4326066214183564,DBDSDC,16,16,1
60,2000,2,"111 uniform, ε apart",0.240371554,0.4442997345,0.5410121486354388,DBDSDC,2,2,1
61,2000,3,"112 uniform, ε¹ᐟ⁴ apart",5.081695976,0.310497008,16.3663283222362,DBDSVR,1,2,1
62,2000,4,113 uniform ε → 1,5.006503363,0.17783961999999998,28.151788465359974,DBDSVR,1,4,1
63,2000,5,"114 uniform ε → 1, signed",1.738527111,0.395428941,4.396560116726509,DBDSVR,1,2,1
64,2000,6,115 geometric ε → 1,0.28622149399999997,0.12945295175,2.2110078613947093,DBDSVR,2,4,1
65,2000,7,"116 geometric ε → 1, signed",0.09863425275,0.503741766,0.19580320594262576,DBDSDC,8,1,1
66,2000,8,117 random spectrum,0.12269741325,0.52144728,0.23530166510792808,DBDSDC,4,1,1
67,2000,9,118 clustered at 1,0.096839338625,0.517009975,0.1873065188442447,DBDSDC,8,1,1
68,2000,10,119 clustered at ±1,0.052906035125,0.240409166,0.22006663059178033,DBDSDC,8,4,1
69,2000,11,120 clustered at ε,0.0042327045,0.027916406,0.15162068140146692,DBDSDC,64,32,1
70,2000,12,121 clustered at ±ε,0.01499643146875,0.04347124006250001,0.34497362962706246,DBDSDC,32,16,1
71,2000,13,200 ABCON0,6.572311982,0.22306506175,29.463654820878737,DBDSVR,1,4,1
72,2000,14,201 ABCON1,6.475442134,0.24151561125,26.811691801144384,DBDSVR,1,4,1
73,2000,15,202 ABCON2,6.3857717,0.20298808375,31.458850106022545,DBDSVR,1,4,1
74,2000,16,203 ABCON3,6.434110713,0.217343381,29.603435280138573,DBDSVR,1,4,1
75,2000,17,210 random bidiagonal,0.10673021687499999,0.354450822,0.3011143161490538,DBDSDC,8,2,1
76,2000,18,220 GRADP,0.004572523578124998,0.04170430143750001,0.10964153385898558,DBDSDC,64,16,1
77,2000,19,221 GRADM,0.012900064281249997,0.041536284625,0.31057337934085855,DBDSDC,32,16,1
78,2000,20,222 Wilkinson+,0.06704793112499999,0.953023053,0.07035289536170326,DBDSDC,8,1,1
79,2000,21,223 Wilkinson−,0.0602820555,0.13657553575000003,0.4413825299601652,DBDSDC,8,4,1
80,2000,22,224 Wilkinson W,0.06221098825,0.17205667225000001,0.3615726576392622,DBDSDC,8,4,3
81,2000,23,225 double Wilkinson W,0.05499917412500001,0.33430584,0.16451753916413786,DBDSDC,8,2,3
82,2000,24,230 Clement,6.216374733,0.15840902125,39.24255502588682,DBDSVR,1,4,1
83,2000,25,240 GRO0,0.891731202,0.038436687875,23.200001126527866,DBDSVR,1,16,1
84,2000,26,241 GRO1,0.8835949,0.03807786537499999,23.204948368248704,DBDSVR,1,16,1
85,2000,27,242 GRO2,0.861152402,0.03966980625,21.708006249715424,DBDSVR,1,16,1
86,2000,28,243 GRO3,0.906619372,0.039468855312499995,22.970500786549763,DBDSVR,1,16,1
87,2000,29,244 bidiagonal Wilkinson+,0.06443723675,0.905157501,0.07118897725402598,DBDSDC,8,1,1
88,3000,1,110 ones spectrum,0.07295727775,0.13580461875,0.5372223597512953,DBDSDC,8,4,1
89,3000,2,"111 uniform, ε apart",0.817977202,1.025470479,0.7976604092958974,DBDSDC,1,1,1
90,3000,3,"112 uniform, ε¹ᐟ⁴ apart",16.440628205,0.716770823,22.93707790195584,DBDSVR,1,1,1
91,3000,4,113 uniform ε → 1,16.203176438,0.3781438445,42.849240239318505,DBDSVR,1,2,1
92,3000,5,"114 uniform ε → 1, signed",5.12602897,0.827940399,6.191301905537284,DBDSVR,1,1,1
93,3000,6,115 geometric ε → 1,0.791870945,0.4751715975,1.666494691951785,DBDSVR,1,2,1
94,3000,7,"116 geometric ε → 1, signed",0.2452100565,1.113072645,0.2203001372834924,DBDSDC,2,1,1
95,3000,8,117 random spectrum,0.250291683,1.201200137,0.20836801070061814,DBDSDC,2,1,1
96,3000,9,118 clustered at 1,0.19464707650000002,1.167012676,0.16679088454048638,DBDSDC,4,1,1
97,3000,10,119 clustered at ±1,0.09296044825000001,0.46322226450000004,0.20068216787969181,DBDSDC,8,2,1
98,3000,11,120 clustered at ε,0.009128549375000001,0.06536222550000001,0.1396609326743319,DBDSDC,16,8,1
99,3000,12,121 clustered at ±ε,0.04383926625,0.10532910675,0.4162122665110326,DBDSDC,8,8,1
100,3000,13,200 ABCON0,23.542206865,0.50446842,46.667355044741946,DBDSVR,1,1,1
101,3000,14,201 ABCON1,23.749966657,0.470294135,50.500239933887336,DBDSVR,1,2,1
102,3000,15,202 ABCON2,23.55751181,0.533793211,44.13228067451012,DBDSVR,1,1,1
103,3000,16,203 ABCON3,23.443388012,0.46254179949999996,50.68382584523586,DBDSVR,1,2,1
104,3000,17,210 random bidiagonal,0.239333955,0.796241759,0.30057950653150806,DBDSDC,2,1,1
105,3000,18,220 GRADP,0.0100937981875,0.09717607375000001,0.10387122877044616,DBDSDC,16,8,1
106,3000,19,221 GRADM,0.033620823687499996,0.09665315087500001,0.3478502602670582,DBDSDC,16,8,1
107,3000,20,222 Wilkinson+,0.16004811400000002,2.194576889,0.07292891618526473,DBDSDC,4,1,1
108,3000,21,223 Wilkinson−,0.15190071225,0.327772752,0.46343300754298206,DBDSDC,4,2,1
109,3000,22,224 Wilkinson W,0.1614239665,0.42545973400000003,0.3794106788493408,DBDSDC,4,2,3
110,3000,23,225 double Wilkinson W,0.1342925605,0.814382789,0.16490102972939913,DBDSDC,4,1,3
111,3000,24,230 Clement,22.789268604,0.350499056,65.01948639770374,DBDSVR,1,2,1
112,3000,25,240 GRO0,3.001484454,0.09256806925,32.424619831854166,DBDSVR,1,8,1
113,3000,26,241 GRO1,2.946386708,0.09385651787499999,31.39245706860825,DBDSVR,1,8,1
114,3000,27,242 GRO2,2.998708581,0.094199747875,31.833509628700796,DBDSVR,1,8,1
115,3000,28,243 GRO3,2.947826209,0.09432705762500002,31.251120126307445,DBDSVR,1,8,1
116,3000,29,244 bidiagonal Wilkinson+,0.156641289,2.033465511,0.07703169203148584,DBDSDC,4,1,1
