name,n,res,ortU,ortV,sv_drift,t_eval,t_dbdsqr,ratio,reps_eval,reps_ref,status,note
ev1_ec1_n10_s1,10,0.742,0.104,0.1,1.01e-15,0.002962,1.82e-06,1627.4725274725274,30,30,PASS,
ev1_ec1_n18_s2_gs,36,0.211,0.056,0.069,3.57e-15,0.003177,4.745e-06,669.5468914646997,30,30,PASS,
ev1_ec1_n26_s3_gm,78,0.096,0.013,0.019,5.04e-15,0.003907,8.092e-06,482.8225407810183,30,30,PASS,
ev1_ec1_n35_s1,35,0.215,0.029,0.014,1.45e-15,0.003172,3.806e-06,833.4209143457698,30,30,PASS,
ev1_ec1_n43_s2_gs,86,0.08,0.013,0.023,3.98e-15,0.004117,6.862e-06,599.9708539784319,30,30,PASS,
ev1_ec1_n51_s3_gm,153,0.046,0.007,0.007,5.87e-15,0.006481,1.275e-05,508.3137254901961,30,30,PASS,
ev1_ec1_n60_s1,60,0.131,0.017,0.008,1.27e-15,0.003436,5.472e-06,627.9239766081871,30,30,PASS,
ev1_ec1_n68_s2_gs,136,0.058,0.007,0.007,4.91e-15,0.005719,1.075e-05,532.0,30,30,PASS,
ev1_ec1_n76_s3_gm,228,0.035,0.004,0.007,6.44e-15,0.01051,1.642e-05,640.0730816077954,19,30,PASS,
ev1_ec1_n85_s1,85,0.091,0.012,0.006,1.48e-15,0.004006,6.131e-06,653.4007502854347,30,30,PASS,
ev1_ec1_n93_s2_gs,186,0.031,0.011,0.011,4.72e-15,0.008122,1.304e-05,622.8527607361964,25,30,PASS,
ev1_ec4_n2_s3_gm,6,0.781,0.211,0.167,7.36e-16,0.003033,3.823e-06,793.3560031388962,30,30,PASS,
ev1_ec4_n11_s1,11,0.624,0.045,0.091,1.21e-15,0.003056,2.07e-06,1476.3285024154588,30,30,PASS,
ev1_ec4_n19_s2_gs,38,0.184,0.053,0.026,3.92e-15,0.003311,4.503e-06,735.287586053742,30,30,PASS,
ev1_ec4_n27_s3_gm,81,0.086,0.012,0.025,2.76e-15,0.00405,8.092e-06,500.4943153732081,30,30,PASS,
ev1_ec4_n36_s1,36,0.208,0.028,0.028,1.65e-15,0.003219,3.898e-06,825.8081067213957,30,30,PASS,
ev1_ec4_n44_s2_gs,88,0.086,0.011,0.017,4.72e-15,0.004199,7.483e-06,561.1385807831083,30,30,PASS,
ev1_ec4_n52_s3_gm,156,0.05,0.01,0.006,3.36e-15,0.006438,1.132e-05,568.7279151943463,30,30,PASS,
ev1_ec4_n61_s1,61,0.111,0.016,0.025,1.47e-15,0.003662,5.194e-06,705.0442818636889,30,30,PASS,
ev1_ec4_n69_s2_gs,138,0.044,0.011,0.007,4.93e-15,0.005932,1.054e-05,562.80834914611,30,30,PASS,
ev1_ec4_n77_s3_gm,231,0.03,0.009,0.004,3.68e-15,0.01069,1.551e-05,689.2327530625404,19,30,PASS,
ev1_ec4_n86_s1,86,0.064,0.017,0.012,1.05e-15,0.004154,6.593e-06,630.0621871682087,30,30,PASS,
ev1_ec4_n94_s2_gs,188,0.037,0.01,0.012,5.32e-15,0.008161,1.322e-05,617.32223903177,24,30,PASS,
ev2_ec1_n3_s3_gm,9,1.072,0.222,0.111,1.02e-15,0.003119,2.79e-06,1117.921146953405,30,30,PASS,
ev2_ec1_n12_s1,12,0.29,0.182,0.194,1.27e-15,0.003031,2.124e-06,1427.0244821092278,30,30,PASS,
ev2_ec1_n20_s2_gs,40,0.21,0.025,0.05,1.21e-15,0.003381,3.863e-06,875.226507895418,30,30,PASS,
ev2_ec1_n28_s3_gm,84,0.105,0.028,0.024,1.51e-15,0.00427,6.79e-06,628.8659793814434,30,30,PASS,
ev2_ec1_n37_s1,37,0.195,0.027,0.041,1.5e-15,0.003382,4.553e-06,742.8069404788051,30,30,PASS,
ev2_ec1_n45_s2_gs,90,0.111,0.017,0.014,4.01e-15,0.004436,7.261e-06,610.9351329018042,30,30,PASS,
ev2_ec1_n53_s3_gm,159,0.059,0.009,0.013,2.02e-15,0.007207,1.185e-05,608.1856540084389,28,30,PASS,
ev2_ec1_n62_s1,62,0.125,0.056,0.059,1.57e-15,0.003619,5.594e-06,646.9431533786199,30,30,PASS,
ev2_ec1_n70_s2_gs,140,0.068,0.007,0.014,6.54e-15,0.005925,9.167e-06,646.3401330860695,30,30,PASS,
ev2_ec1_n78_s3_gm,234,0.041,0.006,0.006,3.01e-15,0.01224,1.627e-05,752.3048555623848,17,30,PASS,
ev2_ec1_n87_s1,87,0.082,0.032,0.029,1.52e-15,0.004715,7.436e-06,634.0774610005379,30,30,PASS,
ev2_ec1_n95_s2_gs,190,0.052,0.023,0.022,9.88e-15,0.008651,1.4e-05,617.9285714285714,23,30,PASS,
ev2_ec4_n4_s3_gm,12,0.809,0.167,0.083,1.22e-15,0.00308,3.352e-06,918.854415274463,30,30,PASS,
ev2_ec4_n13_s1,13,0.602,0.077,0.038,2.72e-15,0.002992,2.68e-06,1116.417910447761,30,30,PASS,
ev2_ec4_n21_s2_gs,42,0.243,0.058,0.053,1.89e-15,0.003289,4.071e-06,807.909604519774,30,30,PASS,
ev2_ec4_n29_s3_gm,87,0.101,0.03,0.029,1.12e-15,0.004246,7.376e-06,575.6507592190889,30,30,PASS,
ev2_ec4_n38_s1,38,0.19,0.05,0.051,1.41e-15,0.003145,5.212e-06,603.4151957022256,30,30,PASS,
ev2_ec4_n46_s2_gs,92,0.105,0.011,0.011,4.26e-15,0.004234,7.594e-06,557.5454306031078,30,30,PASS,
ev2_ec4_n54_s3_gm,162,0.063,0.012,0.009,1.49e-15,0.007033,1.212e-05,580.2805280528054,27,30,PASS,
ev2_ec4_n63_s1,63,0.126,0.016,0.032,1.5e-15,0.003626,6.634e-06,546.5782333433825,30,30,PASS,
ev2_ec4_n71_s2_gs,142,0.071,0.014,0.014,7.26e-15,0.006209,1.113e-05,557.8616352201258,30,30,PASS,
ev2_ec4_n79_s3_gm,237,0.038,0.006,0.004,1.55e-15,0.01186,1.644e-05,721.411192214112,17,30,PASS,
ev2_ec4_n88_s1,88,0.081,0.023,0.017,1.42e-15,0.004275,7.404e-06,577.3905996758509,30,30,PASS,
ev2_ec4_n96_s2_gs,192,0.048,0.005,0.008,9.75e-15,0.008561,1.424e-05,601.193820224719,23,30,PASS,
ev3_ec1_n5_s3_gm,15,0.506,3.878,3.901,3.12e-15,0.003281,8.937e-06,367.1254335906904,30,30,PASS,
ev3_ec1_n14_s1,14,0.435,0.863,0.879,3.6e-15,0.003435,6.849e-06,501.533070521244,30,30,PASS,
ev3_ec1_n22_s2_gs,44,0.847,3.87,3.878,9.16e-15,0.004778,4.79e-05,99.74947807933195,30,30,PASS,
ev3_ec1_n30_s3_gm,90,0.072,1.051,1.057,2.33e-15,0.0148,0.0002052,72.12475633528265,13,30,PASS,
ev3_ec1_n39_s1,39,0.167,1.729,1.721,3.3e-15,0.005535,2.898e-05,190.99378881987576,30,30,PASS,
ev3_ec1_n47_s2_gs,94,0.887,0.984,0.984,4.56e-15,0.01053,0.000233,45.193133047210296,19,30,PASS,
ev3_ec1_n55_s3_gm,165,0.042,0.601,0.604,2.06e-15,0.04195,0.0005265,79.67711301044635,5,30,PASS,
ev3_ec1_n64_s1,64,0.11,1.567,1.563,2.68e-15,0.009158,6.777e-05,135.13353991441642,22,30,PASS,
ev3_ec1_n72_s2_gs,144,0.73,0.583,0.583,2.5e-15,0.02054,0.0003917,52.43809037528721,10,30,PASS,
ev3_ec1_n80_s3_gm,240,0.027,1.028,1.032,2.19e-15,0.08401,0.001009,83.26065411298316,3,30,PASS,
ev3_ec1_n89_s1,89,0.071,3.122,3.12,2.12e-15,0.01487,0.0001238,120.11308562197091,13,30,PASS,
ev3_ec1_n97_s2_gs,194,0.717,1.509,1.512,2.22e-15,0.03476,0.0006325,54.95652173913043,6,30,PASS,
ev3_ec4_n6_s3_gm,18,0.299,2.444,2.491,1.89e-15,0.003544,1.987e-05,178.35933568193255,30,30,PASS,
ev3_ec4_n15_s1,15,0.482,0.158,0.133,4.66e-15,0.003265,6.556e-06,498.0170835875534,30,30,PASS,
ev3_ec4_n23_s2_gs,46,0.261,1.768,1.77,3.43e-15,0.004574,3.13e-05,146.13418530351436,30,30,PASS,
ev3_ec4_n31_s3_gm,93,0.537,3.293,3.295,9.48e-15,0.008053,8.336e-05,96.60508637236083,24,30,PASS,
ev3_ec4_n40_s1,40,0.513,5.627,5.631,2.64e-15,0.005039,2.162e-05,233.07123034227567,30,30,FAIL,
ev3_ec4_n48_s2_gs,96,0.359,0.97,0.972,3.93e-15,0.009282,7.841e-05,118.37775793903839,22,30,PASS,
ev3_ec4_n56_s3_gm,168,0.765,0.653,0.653,2.24e-14,0.01659,0.000171,97.01754385964912,12,30,PASS,
ev3_ec4_n65_s1,65,0.901,1.075,1.074,1.14e-14,0.007894,4.8e-05,164.45833333333334,25,30,PASS,
ev3_ec4_n73_s2_gs,146,1.017,1.134,1.131,3.13e-14,0.01645,0.0002323,70.81360309944037,12,30,PASS,
ev3_ec4_n81_s3_gm,243,0.747,1.076,1.076,5.11e-14,0.03109,0.0003108,100.03217503217502,7,30,PASS,
ev3_ec4_n90_s1,90,0.554,0.873,0.876,1.34e-14,0.0119,0.0001719,69.22629435718441,17,30,PASS,
ev3_ec4_n98_s2_gs,196,1.014,0.545,0.545,4.73e-14,0.02675,0.0003636,73.56985698569856,8,30,PASS,
ev4_ec1_n7_s3_gm,21,0.404,0.198,0.154,6.68e-16,0.003813,1.74e-05,219.13793103448276,30,30,PASS,
ev4_ec1_n16_s1,16,0.314,0.41,0.4,1.39e-15,0.00344,1.299e-05,264.81909160892997,30,30,PASS,
ev4_ec1_n24_s2_gs,48,0.378,0.388,0.394,7.09e-16,0.005454,3.833e-05,142.29063396817114,30,30,PASS,
ev4_ec1_n32_s3_gm,96,0.059,1.712,1.717,1.5e-15,0.01707,0.0002705,63.105360443622914,12,30,PASS,
ev4_ec1_n41_s1,41,0.172,0.761,0.747,8.26e-16,0.006178,4.686e-05,131.83952198036704,30,30,PASS,
ev4_ec1_n49_s2_gs,98,0.31,0.531,0.526,1.52e-15,0.01239,0.0001347,91.98218262806236,16,30,PASS,
ev4_ec1_n57_s3_gm,171,0.036,3.137,3.136,1.29e-15,0.0475,0.0008061,58.92569160153827,5,30,PASS,
ev4_ec1_n66_s1,66,0.082,0.625,0.618,1.18e-15,0.01105,0.000127,87.00787401574804,18,30,PASS,
ev4_ec1_n74_s2_gs,148,0.252,0.525,0.523,1.16e-15,0.02446,0.0002939,83.2255869343314,9,30,PASS,
ev4_ec1_n82_s3_gm,246,0.027,3.564,3.57,1.46e-15,0.09434,0.001556,60.62982005141387,3,30,PASS,
ev4_ec1_n91_s1,91,0.061,0.882,0.884,8.91e-16,0.01734,0.0002111,82.14116532449077,12,30,PASS,
ev4_ec1_n99_s2_gs,198,0.336,0.449,0.451,2.45e-15,0.04112,0.001032,39.84496124031008,5,30,PASS,
ev4_ec4_n8_s3_gm,24,0.226,0.36,0.353,8.96e-16,0.003961,2.209e-05,179.3119058397465,30,30,PASS,
ev4_ec4_n17_s1,17,0.277,0.431,0.481,6.39e-16,0.003546,1.277e-05,277.68206734534067,30,30,PASS,
ev4_ec4_n25_s2_gs,50,0.295,0.292,0.311,9.42e-16,0.00552,4.239e-05,130.21939136588819,30,30,PASS,
ev4_ec4_n33_s3_gm,99,0.055,2.876,2.873,9.73e-16,0.01804,0.0002998,60.173448965977315,11,30,PASS,
ev4_ec4_n42_s1,42,0.143,0.711,0.718,1.09e-15,0.006091,5.004e-05,121.72262190247801,30,30,PASS,
ev4_ec4_n50_s2_gs,100,0.344,0.638,0.649,8.4e-16,0.01282,0.0001406,91.18065433854908,16,30,PASS,
ev4_ec4_n58_s3_gm,174,0.036,1.695,1.693,1.18e-15,0.04788,0.0008229,58.18446955887714,5,30,PASS,
ev4_ec4_n67_s1,67,0.077,0.714,0.717,1.11e-15,0.01094,0.0001382,79.16063675832127,18,30,PASS,
ev4_ec4_n75_s2_gs,150,0.288,0.445,0.439,1.21e-15,0.02493,0.0003026,82.38598810310641,8,30,PASS,
ev4_ec4_n83_s3_gm,249,0.022,6.684,6.681,9.12e-15,0.09703,0.001556,62.3586118251928,3,30,FAIL,
ev4_ec4_n92_s1,92,0.073,1.107,1.12,1.35e-15,0.01768,0.0002191,80.69374714742126,12,30,PASS,
ev4_ec4_n100_s2_gs,200,0.367,0.619,0.619,3.93e-15,0.04185,0.001084,38.6070110701107,5,30,PASS,
ev5_ec1_n9_s3_gm,27,0.266,0.749,0.767,1.49e-15,0.004162,2.198e-05,189.35395814376707,30,30,PASS,
ev5_ec1_n18_s1,18,0.385,5.241,5.203,2.97e-15,0.003529,9.567e-06,368.87216473293614,30,30,FAIL,
ev5_ec1_n26_s2_gs,52,0.795,1.381,1.377,2.67e-15,0.005566,4.776e-05,116.54103852596315,30,30,PASS,
ev5_ec1_n34_s3_gm,102,0.071,0.824,0.824,2.54e-15,0.01729,0.0002529,68.36694345591143,12,30,PASS,
ev5_ec1_n43_s1,43,0.147,1.805,1.796,2.54e-15,0.005907,5.711e-05,103.43197338469619,30,30,PASS,
ev5_ec1_n51_s2_gs,102,0.689,0.685,0.688,2.29e-15,0.01212,0.0001492,81.23324396782843,17,30,PASS,
ev5_ec1_n59_s3_gm,177,0.038,0.385,0.383,9.66e-15,0.04749,0.0005868,80.93047034764827,5,30,PASS,
ev5_ec1_n68_s1,68,0.085,5.515,5.514,2.47e-15,0.0103,6.573e-05,156.7016582991024,19,30,FAIL,
ev5_ec1_n76_s2_gs,152,0.737,0.421,0.42,4.3e-15,0.02277,0.0003891,58.51966075558982,9,30,PASS,
ev5_ec1_n84_s3_gm,252,0.028,1.296,1.297,2.85e-15,0.09435,0.0009767,96.60079860755606,3,30,PASS,
ev5_ec1_n93_s1,93,0.065,0.902,0.902,2.19e-15,0.01621,0.000179,90.55865921787709,13,30,PASS,
ev5_ec4_n2_s2_gs,4,2.333,0.502,0.488,1.92e-15,0.003202,1.574e-06,2034.3074968233798,30,30,PASS,
ev5_ec4_n10_s3_gm,30,0.596,0.115,0.12,2.01e-15,0.003793,2.313e-05,163.98616515348033,30,30,PASS,
ev5_ec4_n19_s1,19,0.385,1.222,1.224,2.17e-15,0.003686,9.598e-06,384.03834132110853,30,30,PASS,
ev5_ec4_n27_s2_gs,54,0.909,2.19,2.187,6.74e-15,0.005318,2.351e-05,226.2016163334751,30,30,PASS,
ev5_ec4_n35_s3_gm,105,0.135,1.693,1.697,2.79e-15,0.00926,8.691e-05,106.54700264641582,21,30,PASS,
ev5_ec4_n44_s1,44,0.159,0.913,0.911,2.11e-15,0.005961,6.697e-05,89.01000447961773,30,30,PASS,
ev5_ec4_n52_s2_gs,104,0.506,1.074,1.069,1.24e-14,0.01032,5.132e-05,201.091192517537,19,30,PASS,
ev5_ec4_n60_s3_gm,180,0.203,1.776,1.775,2.23e-15,0.02036,0.0001818,111.99119911991198,10,30,PASS,
ev5_ec4_n69_s1,69,0.102,3.465,3.465,2.5e-15,0.00956,4.61e-05,207.37527114967463,21,30,PASS,
ev5_ec4_n77_s2_gs,154,0.675,0.768,0.763,1.99e-14,0.01784,0.000219,81.46118721461188,12,30,PASS,
ev5_ec4_n85_s3_gm,255,0.141,0.782,0.782,2.34e-15,0.03829,0.0003111,123.07939569270329,6,30,PASS,
ev5_ec4_n94_s1,94,0.097,1.315,1.315,2.41e-15,0.01412,8.449e-05,167.12036927447036,14,30,PASS,
ev6_ec1_n3_s2_gs,6,0.892,0.25,0.333,1.5e-15,0.003108,2.9e-06,1071.7241379310344,30,30,PASS,
ev6_ec1_n11_s3_gm,33,0.206,0.855,0.865,1.4e-15,0.004731,3.806e-05,124.3037309511298,30,30,PASS,
ev6_ec1_n20_s1,20,0.39,4.245,4.193,9.29e-16,0.003708,1.91e-05,194.13612565445027,30,30,PASS,
ev6_ec1_n28_s2_gs,56,0.316,0.649,0.649,1.15e-15,0.006259,4.893e-05,127.91743306764765,30,30,PASS,
ev6_ec1_n36_s3_gm,108,0.068,1.255,1.254,1.75e-15,0.02004,0.0003511,57.07775562517801,10,30,PASS,
ev6_ec1_n45_s1,45,0.153,1.998,1.983,1.02e-15,0.006992,8.332e-05,83.91742678828614,28,30,PASS,
ev6_ec1_n53_s2_gs,106,0.412,0.748,0.742,9.16e-16,0.01506,0.0001621,92.90561381863047,14,30,PASS,
ev6_ec1_n61_s3_gm,183,0.036,0.557,0.556,4.35e-15,0.05153,0.0008952,57.56255585344057,4,30,PASS,
ev6_ec1_n70_s1,70,0.11,2.042,2.045,1.93e-15,0.012,0.0002024,59.28853754940712,17,30,PASS,
ev6_ec1_n78_s2_gs,156,0.335,1.722,1.726,1.16e-15,0.02857,0.0003221,88.699161751009,7,30,PASS,
ev6_ec1_n86_s3_gm,258,0.03,3.362,3.362,1.91e-15,0.1017,0.001735,58.61671469740634,3,30,PASS,
ev6_ec1_n95_s1,95,0.099,1.967,1.964,1.68e-15,0.02014,0.0003036,66.3372859025033,10,30,PASS,
ev7_ec1_n4_s2_gs,8,0.806,0.125,0.125,1.22e-15,0.00302,2.05e-06,1473.1707317073171,30,30,PASS,
ev7_ec1_n12_s3_gm,36,0.225,0.028,0.028,2.11e-15,0.003406,5.05e-06,674.4554455445545,30,30,PASS,
ev7_ec1_n21_s1,21,0.877,0.071,0.048,1.95e-15,0.003225,2.733e-06,1180.0219538968167,30,30,PASS,
ev7_ec1_n29_s2_gs,58,0.893,0.009,0.009,1.2e-14,0.003458,5.932e-06,582.9399865138233,30,30,PASS,
ev7_ec1_n37_s3_gm,111,0.742,0.014,0.005,3.08e-15,0.004837,8.993e-06,537.8627821639053,30,30,PASS,
ev7_ec1_n46_s1,46,0.751,0.022,0.022,7.85e-15,0.003447,4.605e-06,748.5342019543974,30,30,PASS,
ev7_ec1_n54_s2_gs,108,0.472,0.012,0.01,2.64e-14,0.004752,9.024e-05,52.659574468085104,30,30,PASS,
ev7_ec1_n62_s3_gm,186,0.733,0.005,0.005,2.57e-14,0.008136,0.0001887,43.11605723370429,25,30,PASS,
ev7_ec1_n71_s1,71,0.864,0.565,0.565,1.77e-14,0.005535,0.0001567,35.322271857051696,30,30,PASS,
ev7_ec1_n79_s2_gs,158,0.82,0.006,0.006,2.5e-14,0.006567,0.0001343,48.897989575577064,30,30,PASS,
ev7_ec1_n87_s3_gm,261,0.315,0.006,0.004,4.93e-14,0.01273,0.0006349,20.050401638053238,16,30,PASS,
ev7_ec1_n96_s1,96,0.749,0.005,0.01,3.53e-14,0.004417,0.0002002,22.062937062937063,30,30,PASS,
ev8_ec1_n5_s2_gs,10,0.632,0.147,0.211,1.17e-15,0.003108,4.761e-06,652.8040327662256,30,30,PASS,
ev8_ec1_n13_s3_gm,39,0.199,3.948,3.944,1.93e-15,0.004992,5.733e-05,87.07482993197279,30,30,PASS,
ev8_ec1_n22_s1,22,0.396,0.398,0.401,1.06e-15,0.003684,2.051e-05,179.61969770843493,30,30,PASS,
ev8_ec1_n30_s2_gs,60,0.219,0.084,0.087,9.42e-16,0.005661,5.877e-05,96.32465543644717,30,30,PASS,
ev8_ec1_n38_s3_gm,114,0.075,0.738,0.738,1.16e-15,0.02086,0.000464,44.956896551724135,10,30,PASS,
ev8_ec1_n47_s1,47,0.175,0.19,0.204,9.77e-16,0.005778,6.716e-05,86.03335318642048,30,30,PASS,
ev8_ec1_n55_s2_gs,110,0.53,0.259,0.262,1.56e-15,0.01198,0.0001912,62.656903765690366,17,30,PASS,
ev8_ec1_n63_s3_gm,189,0.041,0.352,0.356,1.41e-15,0.05282,0.001186,44.5362563237774,4,30,PASS,
ev8_ec1_n72_s1,72,0.099,0.261,0.258,7.69e-16,0.009154,0.0001475,62.061016949152545,22,30,PASS,
ev8_ec1_n80_s2_gs,160,0.461,0.149,0.151,1.08e-15,0.02072,0.0003443,60.18007551553877,10,30,PASS,
ev8_ec1_n88_s3_gm,264,0.032,0.59,0.584,8.25e-15,0.1036,0.002215,46.77200902934537,3,30,PASS,
ev8_ec1_n97_s1,97,0.083,0.297,0.296,9.05e-16,0.01389,0.0002405,57.75467775467776,15,30,PASS,
ev9_ec1_n6_s2_gs,12,0.695,8.945,8.983,1.1e-15,0.003288,9.17e-06,358.56052344601966,30,30,FAIL,
ev9_ec1_n14_s3_gm,42,0.27,0.262,0.268,2.19e-15,0.005027,8.138e-05,61.771934136151394,30,30,PASS,
ev9_ec1_n23_s1,23,0.425,0.654,0.643,1.54e-15,0.003534,1.959e-05,180.3981623277182,30,30,PASS,
ev9_ec1_n31_s2_gs,62,0.14,0.087,0.067,3.73e-15,0.008044,0.0001303,61.73445894090561,25,30,PASS,
ev9_ec1_n39_s3_gm,117,0.101,0.697,0.699,1.1e-15,0.01985,0.0001856,106.95043103448275,10,30,PASS,
ev9_ec1_n48_s1,48,0.188,0.228,0.229,1.54e-15,0.005478,7.047e-05,77.73520647083866,30,30,PASS,
ev9_ec1_n56_s2_gs,112,0.082,0.081,0.072,6.36e-15,0.0192,0.0003773,50.887887622581495,11,30,PASS,
ev9_ec1_n64_s3_gm,192,0.049,0.239,0.235,1.1e-15,0.04414,0.001251,35.28377298161471,5,30,PASS,
ev9_ec1_n73_s1,73,0.127,0.313,0.309,3.95e-15,0.008033,0.0001583,50.74542008843967,25,30,PASS,
ev9_ec1_n81_s2_gs,162,0.059,0.1,0.092,5.71e-15,0.03691,0.0007343,50.26555903581642,6,30,PASS,
ev9_ec1_n89_s3_gm,267,0.037,0.355,0.358,2.41e-15,0.08406,0.002286,36.77165354330709,3,30,PASS,
ev9_ec1_n98_s1,98,0.091,0.391,0.386,1.1e-15,0.01183,0.0002734,43.269934162399416,17,30,PASS,
tri2_n24_gs,48,0.161,0.68,0.692,1.48e-15,0.005215,3.431e-05,151.99650247741184,30,30,PASS,
tri2_n57_gm,171,0.025,0.076,0.072,2.21e-15,0.05153,0.0007339,70.21392560294318,4,30,PASS,
tri2_n91,91,0.122,2.824,2.82,1.79e-15,0.01733,0.0001468,118.05177111716623,12,30,PASS,
tri3_n25_gs,50,0.34,0.229,0.222,1.78e-15,0.005679,4.837e-05,117.40748397767211,30,30,PASS,
tri3_n58_gm,174,0.055,0.275,0.277,1.71e-15,0.02382,0.0003269,72.86631997552769,9,30,PASS,
tri3_n92,92,0.108,1.163,1.166,2.25e-15,0.01628,0.0002258,72.0992028343667,13,30,PASS,
tri4_n26_gs,52,0.099,0.389,0.376,1.79e-15,0.005909,4.015e-05,147.173100871731,30,30,PASS,
tri4_n59_gm,177,0.033,2.105,2.108,2.42e-15,0.05243,0.0008274,63.36717428087986,4,30,PASS,
tri4_n93,93,0.057,1.07,1.065,1.7e-15,0.01805,0.0001761,102.4985803520727,11,30,PASS,
tri5_n27_gs,54,0.096,0.477,0.478,1.02e-15,0.005903,4.145e-05,142.41254523522318,30,30,PASS,
tri5_n60_gm,180,0.026,0.117,0.116,6.62e-16,0.05565,0.0008091,68.78012606599926,4,30,PASS,
tri5_n94,94,0.064,2.446,2.443,6.93e-16,0.01839,0.000166,110.78313253012048,11,30,PASS,
tri6_n28_gs,56,0.266,0.102,0.104,1.22e-14,0.006156,7.667e-05,80.29216121038216,30,30,PASS,
tri6_n61_gm,183,0.025,3.169,3.168,3.36e-15,0.05441,0.0008313,65.45170215325395,4,30,PASS,
tri6_n95,95,0.047,0.261,0.259,4.37e-15,0.01879,0.0001578,119.0747782002535,11,30,PASS,
tri7_n29_gs,58,0.127,0.422,0.433,8.96e-16,0.006493,4.617e-05,140.63244531080787,30,30,PASS,
tri7_n62_gm,186,0.027,2.596,2.599,1.15e-15,0.05441,0.0008227,66.13589400753617,4,30,PASS,
tri7_n96,96,0.069,1.749,1.725,9.98e-16,0.01905,0.0001658,114.89746682750302,11,30,PASS,
ev8_ec1_n97_s0_gm,291,0.025,164.183,164.182,2.48e-15,0.121,0.00266,45.48872180451128,-1,-1,FAIL,
ev3_ec1_n53_s2_gm,159,0.035,156.281,156.281,3.46e-15,0.0389,0.000491,79.22606924643584,-1,-1,FAIL,
ev8_ec1_n80_s3_gm,240,0.036,142.213,142.215,7.88e-15,0.0833,0.00189,44.074074074074076,-1,-1,FAIL,
ev8_ec1_n48_s2_gm,144,0.05,118.719,118.723,1.07e-15,0.0317,0.000704,45.02840909090909,-1,-1,FAIL,
ev8_ec1_n92_s1_gm,276,0.027,99.409,99.411,2.13e-15,0.109,0.00249,43.77510040160642,-1,-1,FAIL,
ev8_ec1_n91_s3_gm,273,0.031,63.194,63.193,1.39e-15,0.109,0.00237,45.9915611814346,-1,-1,FAIL,
ev3_ec1_n35_s3_gm,105,0.067,40.3,40.298,2.58e-15,0.0196,0.00026,75.38461538461539,-1,-1,FAIL,
ev8_ec1_n86_s0_gm,258,0.032,39.054,39.051,6.63e-15,0.0966,0.00217,44.516129032258064,-1,-1,FAIL,
ev4_ec4_n3_s0_gs,6,1.067,37.397,37.415,1.65e-15,0.00313,2.84e-06,1102.1126760563382,-1,-1,FAIL,
ev5_ec1_n100_s2_gm,300,0.025,31.713,31.713,2.43e-15,0.131,0.00106,123.58490566037737,-1,-1,FAIL,
ev8_ec1_n90_s3_gm,270,0.033,31.692,31.694,1.5e-15,0.105,0.00227,46.25550660792952,-1,-1,FAIL,
ev5_ec1_n86_s3_gm,258,0.029,30.28,30.278,4.3e-15,0.0964,0.00102,94.50980392156862,-1,-1,FAIL,
ev5_ec1_n70_s2_gm,210,0.033,25.052,25.046,6.08e-15,0.0648,0.00051,127.05882352941175,-1,-1,FAIL,
tri4_n86_gm,258,0.019,23.662,23.659,6.21e-15,0.106,0.0015,70.66666666666666,-1,-1,FAIL,
ev4_ec1_n76_s3_gm,228,0.024,22.977,22.979,6.1e-15,0.0812,0.00134,60.59701492537313,-1,-1,FAIL,
ev6_ec1_n76_s3_gm,228,0.034,22.924,22.923,1.48e-15,0.0784,0.00144,54.444444444444436,-1,-1,FAIL,
ev8_ec1_n79_s3_gm,237,0.039,22.764,22.761,3.22e-15,0.08,0.00183,43.71584699453552,-1,-1,FAIL,
ev9_ec1_n14_s3_gs,28,0.387,22.673,22.643,4.17e-15,0.00421,2.5e-05,168.4,-1,-1,FAIL,
ev3_ec4_n13_s1,13,0.582,22.668,22.667,2.19e-15,0.00335,7.08e-06,473.16384180790965,-1,-1,FAIL,
ev5_ec4_n20_s2,20,0.686,22.638,22.66,3.6e-15,0.00363,8.22e-06,441.6058394160584,-1,-1,FAIL,
ev8_ec1_n63_s0_gm,189,0.048,21.797,21.801,4.51e-15,0.0542,0.00122,44.42622950819672,-1,-1,FAIL,
ev4_ec1_n40_s2_gm,120,0.055,21.53,21.542,1.32e-15,0.025,0.00041,60.97560975609757,-1,-1,FAIL,
ev4_ec4_n64_s2_gm,192,0.029,21.436,21.436,2.06e-15,0.0567,0.000992,57.15725806451613,-1,-1,FAIL,
ev3_ec1_n21_s2,21,0.289,21.069,21.026,3.16e-15,0.00375,1.28e-05,292.96875,-1,-1,FAIL,
ev5_ec1_n93_s2_gm,279,0.023,20.845,20.845,2.17e-15,0.114,0.000941,121.14771519659936,-1,-1,FAIL,
ev3_ec1_n14_s0,14,0.438,19.872,19.873,2.66e-15,0.00339,7.56e-06,448.41269841269843,-1,-1,FAIL,
ev8_ec1_n23_s2_gm,69,0.11,18.857,18.855,2.21e-15,0.00987,0.000187,52.780748663101605,-1,-1,FAIL,
ev9_ec1_n10_s3_gs,20,0.421,18.764,18.79,1.1e-15,0.00367,1.56e-05,235.25641025641028,-1,-1,FAIL,
ev5_ec1_n44_s3,44,0.149,18.402,18.405,2.43e-15,0.00622,5.77e-05,107.79896013864818,-1,-1,FAIL,
ev3_ec4_n28_s0,28,0.285,18.235,18.213,2.33e-15,0.00413,4.09e-05,100.97799511002445,-1,-1,FAIL,
ev6_ec1_n90_s0_gm,270,0.028,17.393,17.393,1.63e-15,0.111,0.00185,60.0,-1,-1,FAIL,
ev4_ec4_n67_s1_gm,201,0.028,17.086,17.088,1.82e-15,0.0633,0.00106,59.71698113207547,-1,-1,FAIL,
ev3_ec1_n72_s0_gm,216,0.029,16.991,16.991,2.19e-15,0.0696,0.000756,92.06349206349205,-1,-1,FAIL,
ev5_ec1_n19_s3,19,0.374,16.694,16.681,3.02e-15,0.00356,1.13e-05,315.0442477876106,-1,-1,FAIL,
ev4_ec1_n95_s2_gm,285,0.024,16.488,16.483,1.04e-15,0.127,0.00201,63.18407960199005,-1,-1,FAIL,
ev5_ec1_n7_s0_gm,21,0.356,16.385,16.373,2.4e-15,0.00373,1.57e-05,237.57961783439492,-1,-1,FAIL,
ev8_ec1_n59_s2_gm,177,0.063,16.307,16.308,2.04e-15,0.048,0.00105,45.714285714285715,-1,-1,FAIL,
ev9_ec1_n6_s3_gs,12,0.829,16.143,16.151,1.76e-15,0.00321,8.51e-06,377.2032902467685,-1,-1,FAIL,
ev3_ec1_n23_s3,23,0.273,16.141,16.089,2.83e-15,0.00388,2.8e-05,138.57142857142858,-1,-1,FAIL,
ev3_ec4_n43_s3,43,0.165,16.023,16.024,2.96e-15,0.00564,2.46e-05,229.2682926829268,-1,-1,FAIL,
ev6_ec1_n15_s3,15,0.512,15.651,15.606,1.74e-15,0.00339,1.2e-05,282.5,-1,-1,FAIL,
ev9_ec1_n2_s1_gs,4,1.8,15.147,15.265,1.1e-15,0.00317,3.04e-06,1042.7631578947369,-1,-1,FAIL,
ev5_ec1_n14_s3,14,0.478,14.973,15.018,2.71e-15,0.00341,8.51e-06,400.7050528789659,-1,-1,FAIL,
ev6_ec1_n98_s2_gm,294,0.026,15.014,15.01,1.87e-15,0.133,0.00215,61.86046511627907,-1,-1,FAIL,
ev5_ec1_n17_s1_gm,51,0.153,14.854,14.878,3e-15,0.00687,0.000103,66.6990291262136,-1,-1,FAIL,
tri4_n63_gm,189,0.027,14.721,14.715,1e-15,0.0585,0.000869,67.31875719217491,-1,-1,FAIL,
ev4_ec4_n50_s0_gm,150,0.036,14.709,14.718,1.07e-15,0.038,0.000628,60.50955414012739,-1,-1,FAIL,
ev9_ec1_n7_s0_gs,14,0.686,14.625,14.634,1.1e-15,0.00339,1.06e-05,319.811320754717,-1,-1,FAIL,
ev5_ec1_n9_s1_gm,27,0.278,14.608,14.617,1.84e-15,0.00427,1.93e-05,221.24352331606218,-1,-1,FAIL,
ev9_ec1_n3_s1_gs,6,1.193,14.595,14.547,1.1e-15,0.00308,3.91e-06,787.7237851662404,-1,-1,FAIL,
ev4_ec4_n77_s3_gm,231,0.029,14.594,14.592,1.23e-15,0.0831,0.00137,60.65693430656934,-1,-1,FAIL,
ev3_ec4_n21_s2,21,0.351,14.559,14.548,3.35e-15,0.00363,8.25e-06,439.99999999999994,-1,-1,FAIL,
ev6_ec1_n61_s0_gm,183,0.031,14.523,14.522,1.36e-15,0.0542,0.000873,62.08476517754868,-1,-1,FAIL,
tri6_n40_gm,120,0.031,14.509,14.505,3.19e-15,0.0254,0.000383,66.31853785900783,-1,-1,FAIL,
ev5_ec4_n23_s2_gs,46,0.885,14.498,14.49,5.16e-15,0.00485,1.98e-05,244.94949494949495,-1,-1,FAIL,
ev5_ec1_n10_s1_gm,30,0.268,14.462,14.459,1.44e-15,0.00465,2.65e-05,175.47169811320754,-1,-1,FAIL,
ev3_ec1_n5_s3,5,0.939,14.275,14.25,2.73e-15,0.00303,3.49e-06,868.1948424068768,-1,-1,FAIL,
ev5_ec4_n70_s2,70,1.014,14.187,14.185,6.79e-15,0.00856,3.96e-05,216.16161616161617,-1,-1,FAIL,
ev8_ec1_n8_s0_gm,24,0.307,14.043,14.051,1.31e-15,0.00389,2.41e-05,161.41078838174272,-1,-1,FAIL,
ev8_ec1_n11_s1_gm,33,0.223,14.019,14.022,1.87e-15,0.00463,4.68e-05,98.93162393162392,-1,-1,FAIL,
ev4_ec1_n75_s0_gm,225,0.024,13.975,13.972,2.36e-15,0.0789,0.00131,60.229007633587784,-1,-1,FAIL,
ev4_ec4_n59_s2_gm,177,0.029,13.966,13.965,2.07e-15,0.0507,0.000849,59.71731448763251,-1,-1,FAIL,
ev3_ec1_n25_s1,25,0.236,13.553,13.532,3.78e-15,0.00406,1.48e-05,274.3243243243243,-1,-1,FAIL,
ev5_ec1_n33_s3,33,0.204,13.532,13.544,2.2e-15,0.00489,2.35e-05,208.08510638297875,-1,-1,FAIL,
tri6_n89_gm,267,0.018,13.462,13.462,2.22e-15,0.114,0.00171,66.66666666666667,-1,-1,FAIL,
ev3_ec1_n34_s0,34,0.198,13.373,13.376,1.99e-15,0.00495,4.43e-05,111.73814898419866,-1,-1,FAIL,
ev5_ec1_n48_s1_gm,144,0.046,13.296,13.298,2.7e-15,0.0319,0.000314,101.59235668789809,-1,-1,FAIL,
ev5_ec1_n14_s1_gm,42,0.179,13.22,13.197,2.93e-15,0.0058,4.67e-05,124.19700214132763,-1,-1,FAIL,
ev4_ec1_n34_s3_gm,102,0.062,13.192,13.192,1.28e-15,0.0189,0.000312,60.57692307692308,-1,-1,FAIL,
ev8_ec1_n74_s0_gm,222,0.037,13.157,13.149,3.36e-15,0.0721,0.00159,45.34591194968553,-1,-1,FAIL,
ev9_ec1_n11_s0_gs,22,0.479,13.084,13.095,1.32e-15,0.00362,1.85e-05,195.67567567567568,-1,-1,FAIL,
ev9_ec1_n12_s0_gs,24,0.462,13.036,13.04,3.95e-15,0.00395,2.26e-05,174.7787610619469,-1,-1,FAIL,
ev5_ec1_n50_s3,50,0.141,12.957,12.946,1.96e-15,0.00716,7.57e-05,94.58388375165126,-1,-1,FAIL,
ev9_ec1_n4_s0_gs,8,1.012,12.859,12.94,4.39e-16,0.00314,6.13e-06,512.2349102773246,-1,-1,FAIL,
ev8_ec1_n80_s0_gm,240,0.035,12.821,12.822,1.67e-15,0.0827,0.00182,45.43956043956044,-1,-1,FAIL,
ev5_ec4_n33_s2_gs,66,0.115,12.726,12.727,5.08e-15,0.00649,2.74e-05,236.86131386861317,-1,-1,FAIL,
ev6_ec1_n88_s0_gm,264,0.027,12.722,12.726,8.12e-15,0.103,0.00178,57.86516853932584,-1,-1,FAIL,
tri7_n29_gm,87,0.058,12.702,12.696,2.71e-15,0.0146,0.000207,70.53140096618358,-1,-1,FAIL,
ev5_ec1_n20_s1_gs,40,0.858,12.674,12.671,2.65e-15,0.00445,1.78e-05,250.0,-1,-1,FAIL,
ev6_ec1_n19_s1_gm,57,0.148,12.658,12.656,1.02e-15,0.0081,0.000109,74.31192660550458,-1,-1,FAIL,
ev5_ec4_n12_s1,12,0.601,12.621,12.559,2.25e-15,0.00327,1.34e-05,244.02985074626864,-1,-1,FAIL,
ev8_ec1_n8_s3_gm,24,0.314,12.48,12.485,2.06e-15,0.00379,2.5e-05,151.6,-1,-1,FAIL,
ev9_ec1_n8_s1_gs,16,0.59,12.418,12.414,1.1e-15,0.00336,1.21e-05,277.68595041322317,-1,-1,FAIL,
ev5_ec4_n36_s2,36,1.07,12.207,12.2,9.27e-15,0.00459,3.9e-05,117.69230769230771,-1,-1,FAIL,
ev9_ec1_n8_s2_gs,16,0.571,11.961,12.013,6.58e-16,0.00335,1.22e-05,274.59016393442624,-1,-1,FAIL,
ev3_ec1_n74_s0_gm,222,0.032,12.006,12.001,2.93e-15,0.073,0.000886,82.39277652370203,-1,-1,FAIL,
ev5_ec4_n20_s2_gm,60,1.088,11.879,11.864,4.36e-15,0.0051,3.28e-05,155.4878048780488,-1,-1,FAIL,
ev9_ec1_n8_s3_gs,16,0.542,11.795,11.828,1.97e-15,0.00337,1.18e-05,285.59322033898303,-1,-1,FAIL,
ev4_ec4_n100_s0_gm,300,0.022,11.804,11.806,1.32e-15,0.139,0.0022,63.18181818181819,-1,-1,FAIL,
ev9_ec1_n89_s1_gm,267,0.039,11.767,11.77,2.63e-15,0.0943,0.00232,40.64655172413793,-1,-1,FAIL,
ev5_ec1_n9_s0_gm,27,0.247,11.766,11.718,1.46e-15,0.00413,2.3e-05,179.56521739130434,-1,-1,FAIL,
ev5_ec1_n27_s0_gs,54,0.671,11.507,11.513,3.6e-15,0.00558,7.2e-05,77.5,-1,-1,FAIL,
ev6_ec1_n96_s2_gm,288,0.028,11.434,11.433,1.61e-15,0.128,0.00206,62.13592233009708,-1,-1,FAIL,
ev5_ec1_n2_s1,2,5.315,11.062,11.431,1.92e-15,0.0031,4.91e-07,6313.645621181262,-1,-1,FAIL,
ev9_ec1_n10_s1_gs,20,0.442,11.402,11.379,8.78e-16,0.00351,1.53e-05,229.41176470588238,-1,-1,FAIL,
ev6_ec1_n90_s2_gm,270,0.025,11.366,11.363,2.91e-15,0.114,0.00183,62.295081967213115,-1,-1,FAIL,
ev3_ec1_n14_s0_gs,28,0.822,11.35,11.338,2.79e-15,0.00385,1.31e-05,293.8931297709924,-1,-1,FAIL,
ev6_ec1_n77_s3_gm,231,0.033,11.344,11.346,1.12e-15,0.0807,0.00145,55.6551724137931,-1,-1,FAIL,
ev5_ec1_n8_s1_gm,24,0.345,11.343,11.327,1.52e-15,0.00406,1.57e-05,258.5987261146497,-1,-1,FAIL,
ev3_ec4_n13_s1_gs,26,0.291,11.334,11.333,2.19e-15,0.00391,1.08e-05,362.03703703703707,-1,-1,FAIL,
ev5_ec4_n20_s2_gs,40,0.989,11.319,11.33,4.93e-15,0.00435,1.81e-05,240.33149171270716,-1,-1,FAIL,
ev4_ec4_n63_s0_gm,189,0.031,11.325,11.325,4.98e-15,0.0567,0.000932,60.836909871244636,-1,-1,FAIL,
ev5_ec1_n19_s0,19,0.315,11.314,11.276,1.61e-15,0.00364,9.67e-06,376.4219234746639,-1,-1,FAIL,
ev9_ec1_n11_s3_gs,22,0.451,11.293,11.297,8.78e-16,0.0038,1.84e-05,206.52173913043478,-1,-1,FAIL,
ev4_ec1_n92_s3_gm,276,0.022,11.185,11.185,2.71e-15,0.117,0.00189,61.90476190476191,-1,-1,FAIL,
ev8_ec1_n76_s2_gm,228,0.039,11.178,11.174,2.87e-15,0.0746,0.00171,43.62573099415205,-1,-1,FAIL,
ev6_ec1_n62_s1_gm,186,0.035,11.051,11.044,7.04e-15,0.0527,0.000906,58.16777041942604,-1,-1,FAIL,
ev5_ec1_n27_s0,27,0.24,10.958,10.945,1.8e-15,0.00431,1.6e-05,269.375,-1,-1,FAIL,
ev3_ec4_n14_s0,14,0.489,10.884,10.906,1.72e-15,0.0033,2.03e-05,162.5615763546798,-1,-1,FAIL,
ev5_ec4_n10_s1,10,0.734,10.876,10.897,1.51e-15,0.0033,5.6e-06,589.2857142857143,-1,-1,FAIL,
ev6_ec1_n99_s3_gm,297,0.024,10.88,10.877,3.74e-15,0.132,0.00236,55.932203389830505,-1,-1,FAIL,
ev5_ec1_n37_s2,37,0.189,10.856,10.849,2.69e-15,0.00531,2.41e-05,220.33195020746888,-1,-1,FAIL,
ev3_ec1_n7_s1_gm,21,0.299,10.777,10.798,2.09e-15,0.00385,1.55e-05,248.38709677419354,-1,-1,FAIL,
ev4_ec1_n88_s3_gm,264,0.023,10.796,10.796,1.55e-15,0.109,0.00175,62.285714285714285,-1,-1,FAIL,
ev3_ec1_n24_s0,24,0.277,10.751,10.764,2.29e-15,0.00404,1.41e-05,286.5248226950355,-1,-1,FAIL,
ev5_ec4_n11_s2_gs,22,0.34,10.75,10.722,3.24e-15,0.00381,9.33e-06,408.36012861736333,-1,-1,FAIL,
ev4_ec1_n60_s2_gm,180,0.029,10.711,10.712,1.4e-15,0.0526,0.000894,58.83668903803132,-1,-1,FAIL,
ev3_ec1_n19_s3,19,0.342,10.687,10.701,1.99e-15,0.0037,1.08e-05,342.5925925925926,-1,-1,FAIL,
ev5_ec1_n16_s3,16,0.397,10.634,10.691,3.41e-15,0.0035,9.9e-06,353.5353535353535,-1,-1,FAIL,
ev3_ec4_n12_s0,12,0.523,10.665,10.672,1.67e-15,0.00338,5.25e-06,643.8095238095239,-1,-1,FAIL,
ev9_ec1_n18_s2_gs,36,0.269,10.633,10.628,7.46e-15,0.00478,4.37e-05,109.3821510297483,-1,-1,FAIL,
ev3_ec1_n32_s3,32,0.188,10.596,10.572,2.06e-15,0.00477,2.1e-05,227.14285714285714,-1,-1,FAIL,
ev9_ec1_n15_s0_gs,30,0.284,10.519,10.543,1.1e-15,0.00436,3.16e-05,137.9746835443038,-1,-1,FAIL,
ev5_ec4_n10_s1_gs,20,0.353,10.537,10.519,2.27e-15,0.00372,8.27e-06,449.8186215235792,-1,-1,FAIL,
ev4_ec4_n76_s3_gm,228,0.024,10.514,10.516,1.29e-15,0.0816,0.00135,60.44444444444444,-1,-1,FAIL,
ev4_ec1_n82_s1_gm,246,0.024,10.487,10.492,1.62e-15,0.0942,0.00154,61.168831168831176,-1,-1,FAIL,
ev5_ec4_n60_s1,60,0.107,10.475,10.473,3.02e-15,0.00807,3.68e-05,219.2934782608696,-1,-1,FAIL,
ev9_ec1_n3_s3_gs,6,1.184,10.462,10.435,8.78e-16,0.00318,4.32e-06,736.1111111111111,-1,-1,FAIL,
ev6_ec1_n98_s1,98,0.071,10.458,10.457,1.05e-15,0.0213,0.000245,86.93877551020408,-1,-1,FAIL,
ev9_ec1_n12_s3_gs,24,0.443,10.43,10.406,1.32e-15,0.00382,2.1e-05,181.90476190476193,-1,-1,FAIL,
ev8_ec1_n83_s2_gm,249,0.039,10.382,10.382,3.33e-15,0.0904,0.00206,43.88349514563106,-1,-1,FAIL,
ev4_ec4_n83_s2_gm,249,0.031,10.365,10.369,3.94e-15,0.0975,0.00157,62.10191082802548,-1,-1,FAIL,
ev5_ec4_n12_s2_gm,36,0.206,10.304,10.325,2.92e-15,0.00495,2.82e-05,175.53191489361703,-1,-1,FAIL,
ev8_ec1_n9_s1_gm,27,0.28,10.317,10.302,1.42e-15,0.0042,2.78e-05,151.07913669064746,-1,-1,FAIL,
ev3_ec1_n28_s0,28,0.233,10.265,10.279,2.43e-15,0.00429,1.77e-05,242.37288135593224,-1,-1,FAIL,
ev6_ec1_n17_s3,17,0.348,10.239,10.253,8.92e-16,0.00358,1.27e-05,281.8897637795275,-1,-1,FAIL,
tri4_n37_gm,111,0.05,10.196,10.196,7.79e-15,0.0225,0.000335,67.16417910447761,-1,-1,FAIL,
ev5_ec1_n37_s2_gs,74,0.629,10.194,10.193,2.42e-15,0.00792,7.85e-05,100.89171974522293,-1,-1,FAIL,
ev3_ec1_n21_s3,21,0.35,10.186,10.185,1.78e-15,0.00375,1.23e-05,304.87804878048775,-1,-1,FAIL,
ev9_ec1_n16_s2_gs,32,0.256,10.175,10.167,6.58e-16,0.00435,3.23e-05,134.6749226006192,-1,-1,FAIL,
ev3_ec4_n22_s3,22,0.613,10.169,10.173,3.2e-15,0.0037,1.05e-05,352.3809523809524,-1,-1,FAIL,
ev9_ec1_n15_s1_gs,30,0.297,10.114,10.122,3.51e-15,0.00436,2.93e-05,148.80546075085326,-1,-1,FAIL,
ev3_ec4_n24_s3,24,0.42,10.112,10.122,2.15e-15,0.00386,1.14e-05,338.5964912280702,-1,-1,FAIL,
ev6_ec1_n22_s3,22,0.384,10.117,10.094,1.62e-15,0.00398,1.93e-05,206.21761658031087,-1,-1,FAIL,
ev4_ec1_n99_s1_gm,297,0.02,10.11,10.106,1.99e-15,0.136,0.00221,61.53846153846154,-1,-1,FAIL,
ev3_ec4_n25_s2,25,0.677,10.1,10.067,3.06e-15,0.00442,1.32e-05,334.8484848484849,-1,-1,FAIL,
ev5_ec1_n51_s2_gm,153,0.05,10.085,10.08,2.04e-15,0.0361,0.000305,118.36065573770492,-1,-1,FAIL,
ev3_ec1_n15_s0_gm,45,0.134,10.034,10.036,1.72e-15,0.00618,4.01e-05,154.1147132169576,-1,-1,FAIL,
ev3_ec1_n16_s2,16,0.426,9.972,10.022,2.9e-15,0.00332,8.41e-06,394.7681331747919,-1,-1,FAIL,
ev6_ec1_n79_s3_gm,237,0.029,10.01,10.014,5.32e-15,0.0848,0.00151,56.15894039735099,-1,-1,FAIL,
ev4_ec1_n91_s2_gm,273,0.021,9.951,9.949,4.44e-15,0.113,0.00184,61.41304347826087,-1,-1,FAIL,
ev6_ec1_n95_s3_gm,285,0.026,9.925,9.929,1.53e-15,0.121,0.00214,56.54205607476636,-1,-1,FAIL,
ev5_ec1_n92_s0,92,0.077,9.852,9.864,2.02e-15,0.0164,0.000118,138.98305084745763,-1,-1,FAIL,
tri6_n77_gm,231,0.019,9.843,9.84,2.29e-15,0.0876,0.00128,68.43749999999999,-1,-1,FAIL,
tri7_n61_gm,183,0.026,9.834,9.825,1.85e-15,0.0534,0.000799,66.83354192740926,-1,-1,FAIL,
ev5_ec4_n11_s2_gm,33,0.212,9.776,9.776,2.22e-15,0.00465,2.48e-05,187.5,-1,-1,FAIL,
ev9_ec1_n4_s3_gs,8,1.032,9.747,9.776,6.58e-16,0.00322,5.59e-06,576.0286225402505,-1,-1,FAIL,
ev3_ec4_n34_s0,34,0.641,9.767,9.766,3.13e-15,0.0046,1.64e-05,280.4878048780488,-1,-1,FAIL,
ev4_ec1_n59_s1_gm,177,0.029,9.757,9.759,9.39e-15,0.051,0.000832,61.29807692307692,-1,-1,FAIL,
ev5_ec1_n25_s2,25,0.258,9.724,9.753,1.84e-15,0.00415,1.41e-05,294.32624113475174,-1,-1,FAIL,
ev3_ec1_n4_s2_gm,12,0.645,9.684,9.731,1.45e-15,0.00339,9.14e-06,370.8971553610503,-1,-1,FAIL,
ev8_ec1_n60_s0_gm,180,0.048,9.721,9.722,1.92e-15,0.0486,0.00107,45.42056074766355,-1,-1,FAIL,
ev5_ec4_n38_s2,38,0.874,9.696,9.688,2.16e-15,0.0049,1.7e-05,288.2352941176471,-1,-1,FAIL,
ev5_ec1_n26_s3,26,0.245,9.655,9.617,2.31e-15,0.00416,1.53e-05,271.8954248366013,-1,-1,FAIL,
ev9_ec1_n13_s2_gs,26,0.329,9.608,9.614,1.32e-15,0.00381,2.39e-05,159.4142259414226,-1,-1,FAIL,
ev4_ec4_n98_s3_gm,294,0.026,9.541,9.547,1.81e-15,0.132,0.00212,62.26415094339623,-1,-1,FAIL,
ev5_ec4_n5_s1_gm,15,0.511,9.505,9.526,1.25e-15,0.00341,1.73e-05,197.10982658959537,-1,-1,FAIL,
ev3_ec1_n8_s2,8,0.625,9.444,9.509,1.64e-15,0.00312,6.66e-06,468.4684684684685,-1,-1,FAIL,
ev4_ec4_n60_s3_gm,180,0.028,9.504,9.504,1.45e-15,0.0516,0.000871,59.2422502870264,-1,-1,FAIL,
ev6_ec1_n92_s2_gm,276,0.024,9.478,9.482,1.98e-15,0.118,0.0019,62.10526315789473,-1,-1,FAIL,
ev8_ec1_n98_s3_gm,294,0.029,9.468,9.47,1.48e-15,0.122,0.0027,45.18518518518518,-1,-1,FAIL,
ev4_ec1_n58_s1_gm,174,0.03,9.462,9.457,2.69e-15,0.0495,0.000803,61.64383561643836,-1,-1,FAIL,
ev5_ec1_n22_s0,22,0.286,9.442,9.424,1.56e-15,0.00371,1.23e-05,301.6260162601626,-1,-1,FAIL,
ev4_ec1_n62_s1_gm,186,0.035,9.438,9.434,1.35e-15,0.0549,0.000928,59.15948275862068,-1,-1,FAIL,
ev4_ec1_n57_s1_gm,171,0.03,9.438,9.435,1.3e-15,0.048,0.000787,60.99110546378653,-1,-1,FAIL,
ev3_ec1_n23_s0,23,0.29,9.405,9.402,2.16e-15,0.00378,1.29e-05,293.0232558139535,-1,-1,FAIL,
ev3_ec1_n31_s1,31,0.208,9.378,9.402,2.27e-15,0.00456,3.91e-05,116.6240409207161,-1,-1,FAIL,
ev5_ec4_n24_s2,24,0.289,9.397,9.385,1.55e-15,0.00397,1.02e-05,389.2156862745097,-1,-1,FAIL,
ev4_ec4_n78_s2_gm,234,0.028,9.389,9.386,1.76e-15,0.0853,0.00139,61.36690647482015,-1,-1,FAIL,
ev5_ec4_n49_s2,49,0.542,9.325,9.303,2.35e-15,0.00637,2.23e-05,285.6502242152466,-1,-1,FAIL,
ev5_ec1_n11_s1_gm,33,0.246,9.317,9.318,2.25e-15,0.005,2.7e-05,185.1851851851852,-1,-1,FAIL,
ev6_ec1_n71_s1_gm,213,0.042,9.29,9.285,1.37e-15,0.0682,0.00122,55.90163934426229,-1,-1,FAIL,
ev4_ec1_n80_s0_gm,240,0.024,9.26,9.266,1.81e-15,0.089,0.00154,57.79220779220779,-1,-1,FAIL,
ev3_ec1_n29_s0,29,0.255,9.248,9.25,2.16e-15,0.00467,3.75e-05,124.53333333333333,-1,-1,FAIL,
ev5_ec4_n54_s0,54,0.727,9.211,9.208,7.7e-15,0.00645,3.03e-05,212.87128712871285,-1,-1,FAIL,
ev5_ec4_n100_s2,100,0.973,9.204,9.204,3.13e-14,0.0133,0.000184,72.28260869565217,-1,-1,FAIL,
ev6_ec1_n92_s0_gm,276,0.023,9.172,9.171,3.31e-15,0.114,0.00198,57.57575757575758,-1,-1,FAIL,
ev3_ec1_n28_s3,28,0.215,9.15,9.148,2.21e-15,0.00434,3.15e-05,137.77777777777777,-1,-1,FAIL,
ev8_ec1_n7_s0_gm,21,0.424,9.04,9.085,4.68e-15,0.00375,1.72e-05,218.02325581395345,-1,-1,FAIL,
ev5_ec1_n49_s0,49,0.139,9.058,9.06,2.6e-15,0.00679,4.07e-05,166.83046683046683,-1,-1,FAIL,
ev6_ec1_n42_s3_gm,126,0.055,9.054,9.056,1.43e-15,0.0256,0.000458,55.89519650655022,-1,-1,FAIL,
ev6_ec1_n35_s2_gm,105,0.08,9.048,9.045,6.03e-15,0.0192,0.000322,59.627329192546576,-1,-1,FAIL,
ev6_ec1_n99_s0_gm,297,0.021,9.044,9.045,1.18e-15,0.134,0.00219,61.18721461187215,-1,-1,FAIL,
ev4_ec4_n47_s3_gm,141,0.044,9.026,9.026,8.74e-16,0.0345,0.000556,62.050359712230225,-1,-1,FAIL,
ev3_ec1_n6_s3_gm,18,0.314,9.023,9.013,2.41e-15,0.00358,1.08e-05,331.48148148148147,-1,-1,FAIL,
tri4_n77_gm,231,0.027,8.999,9.007,2.56e-15,0.0859,0.00124,69.2741935483871,-1,-1,FAIL,
ev4_ec4_n73_s2_gm,219,0.023,8.996,8.999,2.14e-15,0.0749,0.00124,60.40322580645161,-1,-1,FAIL,
ev9_ec1_n8_s0_gs,16,0.616,8.991,8.986,1.97e-15,0.00334,1.11e-05,300.9009009009009,-1,-1,FAIL,
ev5_ec1_n40_s1_gm,120,0.057,8.974,8.976,2.23e-15,0.0236,0.00025,94.39999999999999,-1,-1,FAIL,
ev8_ec1_n82_s3_gm,246,0.031,8.959,8.959,1.85e-15,0.09,0.00196,45.91836734693877,-1,-1,FAIL,
ev5_ec1_n6_s2_gm,18,0.422,8.932,8.9,1.11e-15,0.00351,1.01e-05,347.52475247524757,-1,-1,FAIL,
ev5_ec1_n20_s3_gm,60,0.12,8.883,8.896,3.41e-15,0.00846,8.85e-05,95.59322033898306,-1,-1,FAIL,
ev6_ec1_n98_s0_gm,294,0.023,8.839,8.84,4.9e-15,0.133,0.00218,61.00917431192661,-1,-1,FAIL,
tri6_n66_gm,198,0.021,8.817,8.82,3.3e-15,0.0636,0.00097,65.56701030927834,-1,-1,FAIL,
ev6_ec1_n100_s2_gm,300,0.022,8.815,8.81,1.33e-15,0.135,0.00223,60.53811659192825,-1,-1,FAIL,
ev6_ec1_n93_s0_gm,279,0.022,8.806,8.803,1.4e-15,0.118,0.00197,59.898477157360404,-1,-1,FAIL,
ev4_ec1_n86_s3_gm,258,0.026,8.759,8.756,1.39e-15,0.102,0.0017,60.0,-1,-1,FAIL,
ev8_ec1_n70_s2_gm,210,0.042,8.751,8.753,4.57e-15,0.0626,0.00149,42.013422818791945,-1,-1,FAIL,
ev8_ec1_n54_s2_gm,162,0.063,8.73,8.729,2.05e-15,0.0408,0.000891,45.79124579124579,-1,-1,FAIL,
ev5_ec1_n73_s1,73,0.074,8.721,8.719,1.84e-15,0.0109,7.88e-05,138.32487309644668,-1,-1,FAIL,
ev5_ec1_n21_s0,21,0.36,8.692,8.664,1.43e-15,0.00394,2.31e-05,170.56277056277057,-1,-1,FAIL,
ev4_ec4_n51_s2_gm,153,0.037,8.674,8.677,2.24e-15,0.0381,0.000646,58.97832817337462,-1,-1,FAIL,
ev6_ec1_n85_s3_gm,255,0.029,8.62,8.623,1e-14,0.0984,0.00178,55.2808988764045,-1,-1,FAIL,
ev6_ec1_n33_s1,33,0.266,8.59,8.622,1.82e-15,0.0051,4.54e-05,112.33480176211455,-1,-1,FAIL,
ev5_ec1_n23_s3,23,0.302,8.607,8.619,1.51e-15,0.00396,1.37e-05,289.05109489051097,-1,-1,FAIL,
ev6_ec1_n85_s0_gm,255,0.026,8.604,8.605,1.28e-15,0.0981,0.00167,58.74251497005988,-1,-1,FAIL,
ev4_ec1_n87_s2_gm,261,0.022,8.598,8.592,2.86e-15,0.106,0.00173,61.27167630057804,-1,-1,FAIL,
tri3_n11_gm,33,0.203,8.584,8.592,6.38e-16,0.00492,3.51e-05,140.17094017094018,-1,-1,FAIL,
ev5_ec4_n16_s2,16,0.458,8.567,8.583,1.89e-15,0.00341,2.07e-05,164.7342995169082,-1,-1,FAIL,
ev5_ec1_n79_s3,79,0.085,8.583,8.579,2.67e-15,0.0128,0.000106,120.75471698113208,-1,-1,FAIL,
ev9_ec1_n14_s2_gs,28,0.32,8.572,8.563,4.39e-15,0.00399,2.53e-05,157.7075098814229,-1,-1,FAIL,
ev9_ec1_n14_s1_gs,28,0.34,8.555,8.542,2.63e-15,0.00402,2.62e-05,153.4351145038168,-1,-1,FAIL,
ev5_ec4_n50_s1,50,0.171,8.54,8.544,2.72e-15,0.00655,3.13e-05,209.26517571884983,-1,-1,FAIL,
ev5_ec1_n68_s0_gm,204,0.039,8.534,8.537,3.24e-15,0.0634,0.000643,98.60031104199066,-1,-1,FAIL,
ev3_ec4_n42_s0,42,0.537,8.529,8.534,2.34e-15,0.0053,2.26e-05,234.5132743362832,-1,-1,FAIL,
ev6_ec1_n51_s0,51,0.109,8.527,8.511,1.49e-15,0.0079,7.62e-05,103.67454068241472,-1,-1,FAIL,
ev6_ec1_n31_s3,31,0.276,8.444,8.478,1.19e-15,0.00491,3.2e-05,153.43750000000003,-1,-1,FAIL,
ev4_ec1_n53_s0_gm,159,0.037,8.468,8.471,1.43e-15,0.0411,0.000689,59.65166908563134,-1,-1,FAIL,
ev4_ec4_n62_s3_gm,186,0.035,8.429,8.434,1.31e-15,0.0543,0.00092,59.02173913043478,-1,-1,FAIL,
ev3_ec4_n62_s0,62,0.783,8.431,8.431,7.29e-15,0.00745,0.000103,72.33009708737865,-1,-1,FAIL,
ev6_ec1_n89_s3_gm,267,0.028,8.412,8.413,1.39e-15,0.105,0.00197,53.2994923857868,-1,-1,FAIL,
ev4_ec4_n57_s1_gm,171,0.033,8.402,8.41,1e-15,0.0477,0.000795,60.0,-1,-1,FAIL,
ev6_ec1_n45_s3_gm,135,0.055,8.403,8.405,1.23e-15,0.0293,0.000529,55.38752362948961,-1,-1,FAIL,
ev3_ec4_n27_s3,27,0.531,8.39,8.371,2.41e-15,0.00414,1.27e-05,325.9842519685039,-1,-1,FAIL,
ev3_ec4_n26_s1,26,0.85,8.387,8.384,3.35e-15,0.00399,1.19e-05,335.2941176470588,-1,-1,FAIL,
ev3_ec1_n23_s1,23,0.247,8.366,8.373,3.84e-15,0.00373,1.23e-05,303.25203252032514,-1,-1,FAIL,
ev3_ec1_n5_s0_gm,15,0.467,8.337,8.363,1.24e-15,0.00342,1.06e-05,322.64150943396226,-1,-1,FAIL,
ev4_ec4_n71_s0_gm,213,0.027,8.353,8.354,1.74e-15,0.0708,0.00116,61.03448275862069,-1,-1,FAIL,
ev5_ec1_n24_s3,24,0.255,8.35,8.347,1.42e-15,0.00416,2.53e-05,164.42687747035572,-1,-1,FAIL,
ev3_ec4_n43_s1,43,0.998,8.345,8.345,8.98e-15,0.00541,2.31e-05,234.1991341991342,-1,-1,FAIL,
ev3_ec1_n12_s0_gm,36,0.181,8.312,8.312,1.69e-15,0.00511,3.14e-05,162.7388535031847,-1,-1,FAIL,
ev3_ec1_n30_s2,30,0.211,8.289,8.28,2.35e-15,0.00453,3.95e-05,114.68354430379748,-1,-1,FAIL,
ev3_ec4_n40_s0,40,0.876,8.234,8.246,2.63e-15,0.00505,2.19e-05,230.59360730593605,-1,-1,FAIL,
ev4_ec1_n36_s1_gm,108,0.053,8.148,8.15,2.23e-15,0.0213,0.000353,60.3399433427762,-1,-1,FAIL,
tri4_n70_gm,210,0.027,8.117,8.121,2.16e-15,0.0715,0.00105,68.09523809523809,-1,-1,FAIL,
ev5_ec4_n32_s2,32,0.891,8.115,8.106,2.13e-15,0.00444,1.42e-05,312.6760563380282,-1,-1,FAIL,
tri6_n75_gm,225,0.019,8.105,8.107,1.92e-15,0.0815,0.00123,66.26016260162602,-1,-1,FAIL,
ev9_ec1_n11_s1_gs,22,0.426,8.074,8.106,4.17e-15,0.00381,1.9e-05,200.52631578947367,-1,-1,FAIL,
ev3_ec4_n24_s0,24,0.344,8.077,8.1,2.44e-15,0.00383,1.12e-05,341.9642857142857,-1,-1,FAIL,
ev5_ec1_n47_s1,47,0.132,8.089,8.081,2.15e-15,0.0065,3.51e-05,185.1851851851852,-1,-1,FAIL,
ev5_ec4_n31_s2,31,0.482,8.073,8.056,9.39e-15,0.00438,1.38e-05,317.3913043478261,-1,-1,FAIL,
ev4_ec4_n54_s0_gm,162,0.039,8.012,8.007,1.45e-15,0.0421,0.000707,59.54738330975955,-1,-1,FAIL,
ev6_ec1_n20_s1_gm,60,0.116,7.996,7.998,8.44e-16,0.00885,0.000125,70.8,-1,-1,FAIL,
ev5_ec4_n46_s2,46,0.918,7.976,7.986,1.85e-15,0.00566,2.27e-05,249.33920704845815,-1,-1,FAIL,
ev3_ec4_n30_s1,30,0.429,7.969,7.954,2.95e-15,0.00439,1.37e-05,320.4379562043796,-1,-1,FAIL,
ev5_ec1_n57_s2,57,0.115,7.959,7.958,2.59e-15,0.00799,4.87e-05,164.06570841889118,-1,-1,FAIL,
ev4_ec1_n69_s2_gm,207,0.026,7.93,7.924,1.5e-15,0.0706,0.0011,64.18181818181817,-1,-1,FAIL,
ev4_ec4_n86_s3_gm,258,0.022,7.909,7.907,1.33e-15,0.105,0.00167,62.874251497005986,-1,-1,FAIL,
ev5_ec4_n35_s1_gm,105,0.07,7.902,7.907,3.17e-15,0.0187,0.000208,89.90384615384616,-1,-1,FAIL,
ev6_ec1_n41_s2_gm,123,0.065,7.877,7.879,1.88e-15,0.025,0.000414,60.3864734299517,-1,-1,FAIL,
ev6_ec1_n28_s0,28,0.22,7.845,7.826,8.51e-16,0.0045,2.93e-05,153.58361774744026,-1,-1,FAIL,
tri6_n68_gm,204,0.02,7.843,7.843,3.35e-15,0.0678,0.00103,65.82524271844659,-1,-1,FAIL,
ev6_ec1_n15_s3_gs,30,0.604,7.826,7.799,1.74e-15,0.00389,2.03e-05,191.6256157635468,-1,-1,FAIL,
ev5_ec1_n81_s2_gm,243,0.027,7.799,7.797,2.47e-15,0.0871,0.000808,107.79702970297029,-1,-1,FAIL,
ev4_ec4_n81_s3_gm,243,0.023,7.798,7.798,1.45e-15,0.0913,0.00153,59.67320261437909,-1,-1,FAIL,
ev5_ec1_n47_s2,47,0.148,7.773,7.763,2.07e-15,0.00661,3.89e-05,169.92287917737792,-1,-1,FAIL,
ev4_ec4_n92_s2_gm,276,0.017,7.772,7.773,1.73e-15,0.118,0.00191,61.78010471204188,-1,-1,FAIL,
ev4_ec1_n66_s2_gm,198,0.03,7.764,7.772,2.57e-15,0.0639,0.00105,60.85714285714286,-1,-1,FAIL,
ev4_ec1_n54_s3_gm,162,0.044,7.767,7.766,1.67e-15,0.043,0.000719,59.80528511821974,-1,-1,FAIL,
ev3_ec1_n50_s3,50,0.131,7.764,7.763,1.99e-15,0.00679,4.38e-05,155.02283105022832,-1,-1,FAIL,
ev8_ec1_n74_s2_gm,222,0.04,7.737,7.739,1.59e-15,0.0713,0.00161,44.285714285714285,-1,-1,FAIL,
ev6_ec1_n40_s0,40,0.19,7.737,7.707,1.18e-15,0.00615,6.35e-05,96.85039370078741,-1,-1,FAIL,
ev6_ec1_n72_s1_gm,216,0.04,7.701,7.696,1.75e-15,0.0714,0.00122,58.524590163934434,-1,-1,FAIL,
ev4_ec4_n63_s3_gm,189,0.038,7.691,7.692,2.82e-15,0.0564,0.000953,59.18153200419727,-1,-1,FAIL,
ev6_ec1_n65_s0,65,0.095,7.663,7.66,1.14e-15,0.0111,0.00012,92.5,-1,-1,FAIL,
ev3_ec1_n15_s0,15,0.411,7.55,7.65,1.9e-15,0.00348,7.24e-06,480.6629834254144,-1,-1,FAIL,
ev3_ec1_n14_s0_gm,42,0.155,7.626,7.636,2.66e-15,0.00579,3.5e-05,165.42857142857144,-1,-1,FAIL,
tri7_n57_gm,171,0.028,7.627,7.627,1.29e-15,0.0466,0.000746,62.466487935656836,-1,-1,FAIL,
ev4_ec1_n99_s2_gm,297,0.021,7.615,7.613,1.2e-15,0.137,0.00216,63.42592592592593,-1,-1,FAIL,
ev4_ec1_n45_s2_gm,135,0.037,7.598,7.602,1.68e-15,0.0308,0.000515,59.80582524271844,-1,-1,FAIL,
ev6_ec1_n81_s1_gm,243,0.034,7.594,7.593,1.04e-15,0.09,0.00153,58.82352941176471,-1,-1,FAIL,
ev6_ec1_n71_s3_gm,213,0.038,7.571,7.57,1.76e-15,0.0693,0.00123,56.34146341463415,-1,-1,FAIL,
ev3_ec4_n13_s1_gm,39,0.201,7.556,7.556,2.19e-15,0.00403,3.26e-05,123.61963190184048,-1,-1,FAIL,
ev9_ec1_n20_s0_gs,40,0.254,7.496,7.506,3.29e-15,0.0052,5.12e-05,101.5625,-1,-1,FAIL,
ev5_ec1_n28_s2,28,0.242,7.501,7.492,1.82e-15,0.00427,3.38e-05,126.33136094674556,-1,-1,FAIL,
ev3_ec1_n13_s2,13,0.491,7.455,7.498,3.66e-15,0.0033,6.58e-06,501.5197568389058,-1,-1,FAIL,
ev4_ec1_n98_s1_gm,294,0.024,7.496,7.493,1.27e-15,0.132,0.00214,61.68224299065421,-1,-1,FAIL,
ev3_ec1_n31_s0_gs,62,0.799,7.488,7.488,2.17e-15,0.00634,0.000107,59.252336448598136,-1,-1,FAIL,
tri6_n95_gm,285,0.015,7.468,7.465,3.03e-15,0.131,0.00193,67.87564766839378,-1,-1,FAIL,
ev4_ec1_n78_s2_gm,234,0.026,7.46,7.463,6.3e-15,0.0836,0.0014,59.71428571428571,-1,-1,FAIL,
tri4_n69_gm,207,0.034,7.46,7.46,9.11e-15,0.0692,0.001,69.2,-1,-1,FAIL,
tri6_n43_gm,129,0.032,7.437,7.437,1.95e-15,0.0302,0.000439,68.79271070615034,-1,-1,FAIL,
ev3_ec4_n12_s3,12,0.503,7.425,7.434,2.29e-15,0.0033,5.32e-06,620.3007518796993,-1,-1,FAIL,
ev5_ec1_n6_s0_gm,18,0.314,7.427,7.414,1.18e-15,0.0036,1.27e-05,283.46456692913387,-1,-1,FAIL,
ev6_ec1_n31_s0,31,0.196,7.409,7.421,6.38e-16,0.00491,3.02e-05,162.58278145695365,-1,-1,FAIL,
ev6_ec1_n67_s2_gm,201,0.044,7.411,7.416,4.1e-15,0.0629,0.00106,59.339622641509436,-1,-1,FAIL,
ev4_ec1_n95_s1_gm,285,0.022,7.407,7.401,3.92e-15,0.123,0.00201,61.19402985074627,-1,-1,FAIL,
ev5_ec4_n29_s2,29,1.207,7.395,7.403,1.94e-15,0.00435,1.3e-05,334.6153846153846,-1,-1,FAIL,
ev3_ec4_n89_s0,89,1.031,7.398,7.402,1.54e-14,0.0113,8.28e-05,136.47342995169083,-1,-1,FAIL,
ev5_ec4_n27_s3,27,0.279,7.39,7.397,1.99e-15,0.00418,3.21e-05,130.21806853582552,-1,-1,FAIL,
ev5_ec4_n40_s0,40,0.938,7.395,7.377,7.17e-15,0.00503,2.01e-05,250.24875621890544,-1,-1,FAIL,
ev4_ec1_n70_s0_gm,210,0.031,7.362,7.365,1.36e-15,0.0693,0.00115,60.26086956521739,-1,-1,FAIL,
ev3_ec1_n18_s3,18,0.294,7.339,7.365,2.18e-15,0.0037,9.95e-06,371.8592964824121,-1,-1,FAIL,
ev3_ec1_n13_s1_gm,39,0.169,7.34,7.354,1.83e-15,0.00543,4.97e-05,109.25553319919517,-1,-1,FAIL,
ev5_ec4_n29_s1_gs,58,0.123,7.342,7.332,3.08e-15,0.00809,6.61e-05,122.39031770045386,-1,-1,FAIL,
ev3_ec1_n47_s3,47,0.143,7.314,7.313,2.18e-15,0.00649,7.5e-05,86.53333333333335,-1,-1,FAIL,
ev5_ec1_n33_s2_gm,99,0.079,7.31,7.31,2.58e-15,0.0171,0.000226,75.6637168141593,-1,-1,FAIL,
ev3_ec1_n6_s1_gm,18,0.413,7.275,7.285,1.23e-15,0.00341,1.44e-05,236.80555555555554,-1,-1,FAIL,
ev6_ec1_n46_s2_gm,138,0.067,7.278,7.284,5.15e-15,0.0308,0.000518,59.45945945945946,-1,-1,FAIL,
ev6_ec1_n87_s3_gm,261,0.034,7.248,7.254,2.8e-15,0.101,0.00188,53.72340425531915,-1,-1,FAIL,
ev4_ec4_n45_s0_gm,135,0.041,7.246,7.25,9.11e-16,0.0309,0.000506,61.06719367588932,-1,-1,FAIL,
ev4_ec4_n75_s3_gm,225,0.029,7.232,7.234,3.96e-15,0.078,0.00133,58.64661654135338,-1,-1,FAIL,
ev6_ec1_n83_s3_gm,249,0.039,7.221,7.217,5.85e-15,0.0934,0.0017,54.94117647058824,-1,-1,FAIL,
ev4_ec1_n90_s1_gm,270,0.024,7.218,7.217,1.3e-15,0.112,0.0018,62.22222222222223,-1,-1,FAIL,
ev5_ec1_n62_s2_gm,186,0.039,7.214,7.213,2.01e-15,0.0515,0.000504,102.18253968253968,-1,-1,FAIL,
ev5_ec1_n5_s0,5,0.992,7.12,7.183,9.12e-16,0.00306,3.11e-06,983.9228295819936,-1,-1,FAIL,
ev3_ec4_n19_s1_gs,38,0.331,7.171,7.154,3.09e-15,0.00414,1.53e-05,270.5882352941176,-1,-1,FAIL,
ev5_ec1_n24_s3_gm,72,0.097,7.165,7.164,2.43e-15,0.0104,0.000142,73.2394366197183,-1,-1,FAIL,
ev6_ec1_n73_s3_gm,219,0.033,7.156,7.162,3.75e-15,0.0734,0.00132,55.60606060606061,-1,-1,FAIL,
ev6_ec1_n72_s3_gm,216,0.042,7.154,7.154,5.3e-15,0.0718,0.00126,56.98412698412698,-1,-1,FAIL,
ev5_ec4_n88_s1,88,0.073,7.151,7.154,2.14e-15,0.0131,0.000165,79.39393939393939,-1,-1,FAIL,
ev3_ec1_n13_s1,13,0.462,7.126,7.143,1.83e-15,0.00321,6.83e-06,469.9853587115667,-1,-1,FAIL,
ev5_ec1_n95_s2_gm,285,0.025,7.129,7.13,4.58e-15,0.118,0.000948,124.47257383966245,-1,-1,FAIL,
ev5_ec4_n9_s1,9,1.144,7.115,7.049,1.55e-15,0.00323,4.61e-06,700.6507592190889,-1,-1,FAIL,
ev5_ec4_n70_s2_gs,140,0.722,7.093,7.093,1.02e-14,0.0158,8.8e-05,179.54545454545456,-1,-1,FAIL,
ev3_ec1_n41_s0,41,0.166,7.084,7.077,2.64e-15,0.00571,2.96e-05,192.9054054054054,-1,-1,FAIL,
ev5_ec4_n45_s2,45,0.989,7.082,7.08,2.19e-15,0.00543,5.36e-05,101.30597014925372,-1,-1,FAIL,
tri7_n75_gm,225,0.022,7.074,7.076,2.99e-15,0.0781,0.00118,66.1864406779661,-1,-1,FAIL,
ev5_ec1_n3_s1,3,1.699,7.072,7.065,9.26e-16,0.00311,2.25e-06,1382.2222222222222,-1,-1,FAIL,
ev9_ec1_n9_s1_gs,18,0.476,7.029,7.069,1.1e-15,0.00341,1.42e-05,240.14084507042253,-1,-1,FAIL,
ev3_ec4_n15_s3,15,0.488,7.035,7.065,2.48e-15,0.00349,6.42e-06,543.613707165109,-1,-1,FAIL,
ev4_ec4_n99_s2_gm,297,0.023,7.063,7.063,1.43e-15,0.135,0.00218,61.92660550458716,-1,-1,FAIL,
ev5_ec4_n75_s0,75,1.186,7.06,7.06,1.43e-14,0.00908,4.79e-05,189.5615866388309,-1,-1,FAIL,
ev5_ec1_n43_s2,43,0.14,7.058,7.059,1.5e-15,0.00611,2.88e-05,212.1527777777778,-1,-1,FAIL,
ev5_ec1_n57_s3,57,0.129,7.055,7.049,3.07e-15,0.0083,5.13e-05,161.7933723196881,-1,-1,FAIL,
ev5_ec1_n22_s1,22,0.326,7.026,7.05,3.38e-15,0.00378,2.16e-05,175.0,-1,-1,FAIL,
ev5_ec1_n49_s3,49,0.133,7.039,7.03,2.59e-15,0.0068,7.32e-05,92.89617486338797,-1,-1,FAIL,
ev5_ec4_n29_s0,29,1.159,7.026,7.035,1.84e-15,0.0044,1.27e-05,346.45669291338584,-1,-1,FAIL,
ev5_ec4_n40_s3_gs,80,0.152,7.027,7.031,3.07e-15,0.00787,7.55e-05,104.23841059602648,-1,-1,FAIL,
ev3_ec1_n4_s2,4,2.336,6.854,7.003,1.45e-15,0.00314,3.59e-06,874.6518105849582,-1,-1,FAIL,
ev6_ec1_n79_s2_gm,237,0.036,6.991,6.984,6.3e-15,0.0858,0.00145,59.17241379310345,-1,-1,FAIL,
ev6_ec1_n24_s3,24,0.291,6.972,6.979,1.16e-15,0.00404,2.2e-05,183.63636363636365,-1,-1,FAIL,
tri4_n82_gm,246,0.024,6.974,6.973,2.8e-15,0.0977,0.00139,70.28776978417267,-1,-1,FAIL,
ev3_ec4_n46_s1,46,0.753,6.96,6.959,9.7e-15,0.00562,2.66e-05,211.27819548872182,-1,-1,FAIL,
ev4_ec1_n65_s2_gm,195,0.028,6.924,6.923,1.14e-15,0.0614,0.00102,60.19607843137255,-1,-1,FAIL,
tri4_n67_gm,201,0.027,6.92,6.915,2.32e-15,0.0658,0.00096,68.54166666666666,-1,-1,FAIL,
ev6_ec1_n32_s3,32,0.257,6.883,6.915,1.95e-15,0.00488,3.45e-05,141.44927536231884,-1,-1,FAIL,
ev8_ec1_n94_s0_gm,282,0.033,6.898,6.898,1.78e-15,0.113,0.00254,44.48818897637795,-1,-1,FAIL,
ev4_ec1_n57_s2_gm,171,0.03,6.886,6.889,2.1e-15,0.0481,0.000804,59.82587064676616,-1,-1,FAIL,
ev6_ec1_n88_s0,88,0.068,6.868,6.853,1.5e-15,0.0174,0.000262,66.412213740458,-1,-1,FAIL,
ev9_ec1_n20_s2_gs,40,0.246,6.845,6.82,1.32e-15,0.00506,4.99e-05,101.40280561122245,-1,-1,FAIL,
ev3_ec1_n35_s1,35,0.19,6.841,6.828,2.62e-15,0.00493,2.51e-05,196.4143426294821,-1,-1,FAIL,
ev5_ec4_n93_s1,93,0.867,6.839,6.84,3.23e-15,0.0139,8.45e-05,164.49704142011834,-1,-1,FAIL,
ev3_ec4_n53_s2,53,0.804,6.832,6.816,1.54e-14,0.0064,3.26e-05,196.31901840490798,-1,-1,FAIL,
ev4_ec1_n81_s2_gm,243,0.025,6.81,6.811,1.06e-14,0.0923,0.00149,61.94630872483221,-1,-1,FAIL,
tri4_n91_gm,273,0.021,6.806,6.808,2.23e-15,0.121,0.00165,73.33333333333333,-1,-1,FAIL,
ev3_ec4_n33_s3_gs,66,0.624,6.808,6.806,2.95e-15,0.00626,3.43e-05,182.50728862973762,-1,-1,FAIL,
ev5_ec4_n95_s2,95,0.858,6.797,6.792,1.58e-14,0.0126,0.000175,72.0,-1,-1,FAIL,
ev4_ec4_n66_s2_gm,198,0.033,6.776,6.783,7.22e-15,0.0611,0.00104,58.75000000000001,-1,-1,FAIL,
ev4_ec1_n50_s0_gm,150,0.035,6.765,6.767,1.07e-15,0.0368,0.000635,57.95275590551181,-1,-1,FAIL,
ev6_ec1_n9_s1,9,0.714,6.708,6.764,1.06e-15,0.00318,7.33e-06,433.83356070941335,-1,-1,FAIL,
tri6_n60_gm,180,0.024,6.76,6.762,2.81e-15,0.0527,0.000808,65.22277227722772,-1,-1,FAIL,
ev9_ec1_n10_s2_gs,20,0.415,6.754,6.743,4.17e-15,0.00374,1.54e-05,242.85714285714283,-1,-1,FAIL,
ev3_ec4_n22_s3_gs,44,0.897,6.754,6.745,3.32e-15,0.00461,1.84e-05,250.5434782608696,-1,-1,FAIL,
ev8_ec1_n13_s0_gm,39,0.177,6.741,6.751,1.67e-15,0.0051,8.28e-05,61.59420289855073,-1,-1,FAIL,
ev5_ec1_n14_s3_gs,28,0.604,6.732,6.75,3.21e-15,0.0039,1.47e-05,265.3061224489796,-1,-1,FAIL,
ev6_ec1_n47_s1_gm,141,0.047,6.742,6.739,4.27e-15,0.0336,0.000556,60.431654676258994,-1,-1,FAIL,
ev3_ec1_n48_s1,48,0.127,6.731,6.727,2.88e-15,0.00644,4.09e-05,157.45721271393646,-1,-1,FAIL,
ev9_ec1_n17_s3_gs,34,0.266,6.724,6.718,8.12e-15,0.00491,3.42e-05,143.56725146198832,-1,-1,FAIL,
ev3_ec4_n84_s2,84,0.703,6.72,6.716,1.19e-14,0.0105,7.61e-05,137.97634691195793,-1,-1,FAIL,
ev5_ec1_n29_s2,29,0.228,6.695,6.699,1.42e-15,0.00436,3.3e-05,132.12121212121212,-1,-1,FAIL,
ev5_ec4_n43_s0,43,0.613,6.682,6.679,3.94e-15,0.00561,2.29e-05,244.97816593886463,-1,-1,FAIL,
ev9_ec1_n14_s0_gs,28,0.347,6.667,6.658,1.54e-15,0.0039,2.62e-05,148.85496183206106,-1,-1,FAIL,
ev4_ec1_n84_s3_gm,252,0.029,6.659,6.662,1.32e-15,0.0979,0.00164,59.69512195121951,-1,-1,FAIL,
ev5_ec4_n27_s1,27,0.251,6.653,6.63,2.87e-15,0.0042,3.46e-05,121.38728323699421,-1,-1,FAIL,
ev4_ec1_n83_s1_gm,249,0.029,6.638,6.64,3.55e-15,0.0967,0.00158,61.202531645569614,-1,-1,FAIL,
ev6_ec1_n14_s1,14,0.629,6.616,6.634,1.24e-15,0.00338,9.94e-06,340.0402414486922,-1,-1,FAIL,
ev5_ec1_n71_s2_gm,213,0.03,6.629,6.624,2.52e-15,0.0681,0.000526,129.46768060836501,-1,-1,FAIL,
ev3_ec1_n94_s0,94,0.07,6.626,6.623,2.36e-15,0.0159,0.00014,113.57142857142858,-1,-1,FAIL,
ev5_ec4_n50_s0,50,0.196,6.607,6.611,6.87e-15,0.00657,2.67e-05,246.0674157303371,-1,-1,FAIL,
ev3_ec4_n51_s3,51,0.74,6.605,6.605,3.11e-15,0.00613,3.09e-05,198.38187702265373,-1,-1,FAIL,
ev4_ec4_n34_s1_gm,102,0.044,6.586,6.585,1.66e-15,0.0191,0.000305,62.62295081967213,-1,-1,FAIL,
ev4_ec1_n94_s0_gm,282,0.019,6.577,6.581,1.69e-15,0.123,0.00195,63.07692307692308,-1,-1,FAIL,
ev8_ec1_n76_s1_gm,228,0.033,6.562,6.562,1.67e-15,0.0755,0.0017,44.411764705882355,-1,-1,FAIL,
ev6_ec1_n43_s0_gm,129,0.039,6.562,6.557,1.32e-15,0.0282,0.000476,59.24369747899159,-1,-1,FAIL,
ev3_ec4_n13_s2_gm,39,0.988,6.56,6.555,5.56e-15,0.00409,4.71e-05,86.83651804670913,-1,-1,FAIL,
ev3_ec1_n27_s2,27,0.216,6.55,6.559,2.05e-15,0.00434,1.63e-05,266.25766871165644,-1,-1,FAIL,
ev4_ec4_n69_s3_gm,207,0.036,6.55,6.551,8.47e-15,0.0672,0.00114,58.94736842105263,-1,-1,FAIL,
ev3_ec4_n14_s1_gs,28,0.308,6.549,6.531,3.08e-15,0.00423,1.74e-05,243.1034482758621,-1,-1,FAIL,
ev5_ec1_n71_s0,71,0.145,6.544,6.548,3.07e-15,0.0109,7.49e-05,145.52736982643523,-1,-1,FAIL,
ev4_ec4_n90_s3_gm,270,0.025,6.542,6.538,1.68e-15,0.113,0.00184,61.41304347826087,-1,-1,FAIL,
ev4_ec1_n97_s2_gm,291,0.024,6.541,6.54,6.43e-15,0.129,0.00213,60.563380281690144,-1,-1,FAIL,
ev5_ec4_n88_s1_gm,264,0.855,6.523,6.525,4.45e-14,0.0419,0.000447,93.73601789709171,-1,-1,FAIL,
ev3_ec1_n20_s0,20,0.311,6.494,6.524,1.73e-15,0.00355,2.45e-05,144.8979591836735,-1,-1,FAIL,
ev3_ec4_n27_s2,27,0.767,6.503,6.519,2.17e-15,0.00413,1.28e-05,322.65625,-1,-1,FAIL,
ev5_ec4_n21_s2_gm,63,0.589,6.498,6.498,4.81e-15,0.00571,7.61e-05,75.03285151116951,-1,-1,FAIL,
tri4_n85_gm,255,0.021,6.492,6.496,3.92e-15,0.106,0.00146,72.6027397260274,-1,-1,FAIL,
ev6_ec1_n15_s0,15,0.442,6.489,6.493,1.35e-15,0.00341,1.12e-05,304.4642857142857,-1,-1,FAIL,
ev3_ec1_n9_s3_gm,27,0.22,6.476,6.488,1.94e-15,0.00425,1.72e-05,247.09302325581396,-1,-1,FAIL,
ev5_ec1_n14_s0_gm,42,0.158,6.474,6.487,1.59e-15,0.00567,3.8e-05,149.21052631578945,-1,-1,FAIL,
ev4_ec4_n46_s3_gm,138,0.047,6.483,6.487,2.5e-15,0.0315,0.000591,53.2994923857868,-1,-1,FAIL,
ev6_ec1_n26_s1_gm,78,0.092,6.485,6.482,1.08e-15,0.0121,0.000192,63.02083333333333,-1,-1,FAIL,
ev5_ec1_n51_s3,51,0.12,6.484,6.484,2.05e-15,0.00711,4.56e-05,155.92105263157896,-1,-1,FAIL,
ev6_ec1_n48_s3,48,0.144,6.47,6.477,1.51e-15,0.00743,6.71e-05,110.73025335320416,-1,-1,FAIL,
ev5_ec4_n37_s0,37,0.674,6.439,6.415,8.6e-15,0.00484,1.73e-05,279.76878612716763,-1,-1,FAIL,
ev5_ec1_n20_s0_gs,40,0.642,6.433,6.418,1.27e-15,0.00452,4.23e-05,106.85579196217493,-1,-1,FAIL,
ev5_ec4_n14_s1,14,0.498,6.428,6.417,2.52e-15,0.00338,6.44e-06,524.8447204968944,-1,-1,FAIL,
ev5_ec4_n42_s1_gs,84,0.088,6.427,6.421,2.38e-15,0.0133,7.9e-05,168.35443037974684,-1,-1,FAIL,
ev8_ec1_n78_s2_gm,234,0.034,6.426,6.424,2.63e-15,0.079,0.00178,44.38202247191011,-1,-1,FAIL,
tri7_n94_gm,282,0.023,6.416,6.417,1.51e-15,0.125,0.00185,67.56756756756756,-1,-1,FAIL,
ev3_ec1_n35_s2,35,0.173,6.404,6.406,2.67e-15,0.00498,2.46e-05,202.4390243902439,-1,-1,FAIL,
ev4_ec1_n55_s2_gm,165,0.036,6.404,6.405,1.42e-15,0.0445,0.000736,60.461956521739125,-1,-1,FAIL,
ev5_ec1_n36_s0,36,0.178,6.387,6.401,1.5e-15,0.00507,2.3e-05,220.43478260869566,-1,-1,FAIL,
ev5_ec4_n13_s1_gm,39,0.185,6.396,6.394,2.1e-15,0.00541,5.01e-05,107.98403193612775,-1,-1,FAIL,
ev5_ec1_n12_s3,12,0.476,6.312,6.385,1.28e-15,0.00339,6.8e-06,498.52941176470586,-1,-1,FAIL,
ev6_ec1_n8_s1,8,0.788,6.344,6.384,4.4e-16,0.00318,5.87e-06,541.7376490630324,-1,-1,FAIL,
ev4_ec1_n70_s3_gm,210,0.026,6.371,6.365,1.44e-15,0.0698,0.00116,60.17241379310345,-1,-1,FAIL,
tri4_n98_gm,294,0.025,6.366,6.368,6.03e-15,0.14,0.00194,72.16494845360825,-1,-1,FAIL,
ev5_ec1_n33_s1,33,0.203,6.355,6.357,2.99e-15,0.00478,2.16e-05,221.2962962962963,-1,-1,FAIL,
ev6_ec1_n38_s3,38,0.168,6.332,6.353,1.04e-15,0.00594,4.38e-05,135.6164383561644,-1,-1,FAIL,
ev4_ec4_n97_s1_gm,291,0.024,6.347,6.352,1.74e-15,0.13,0.00211,61.61137440758294,-1,-1,FAIL,
ev4_ec1_n31_s2_gm,93,0.053,6.343,6.346,1.66e-15,0.0166,0.000267,62.17228464419476,-1,-1,FAIL,
ev6_ec1_n38_s0_gm,114,0.052,6.339,6.345,1.2e-15,0.0232,0.000382,60.73298429319371,-1,-1,FAIL,
ev3_ec4_n42_s3,42,0.914,6.342,6.334,3.26e-15,0.00493,5.93e-05,83.13659359190558,-1,-1,FAIL,
ev6_ec1_n96_s1_gm,288,0.027,6.335,6.335,1.94e-15,0.126,0.00206,61.165048543689316,-1,-1,FAIL,
ev4_ec1_n100_s0_gm,300,0.019,6.327,6.326,1.92e-15,0.137,0.00223,61.43497757847533,-1,-1,FAIL,
ev4_ec4_n37_s3_gm,111,0.053,6.323,6.323,1.29e-15,0.0219,0.000368,59.51086956521739,-1,-1,FAIL,
ev5_ec4_n9_s0,9,0.819,6.323,6.237,1.69e-15,0.00312,4.27e-06,730.6791569086652,-1,-1,FAIL,
ev3_ec4_n41_s2,41,1.018,6.282,6.313,3.96e-15,0.00528,2.36e-05,223.72881355932202,-1,-1,FAIL,
ev6_ec1_n55_s1_gm,165,0.047,6.311,6.313,2.6e-15,0.0421,0.000743,56.662180349932704,-1,-1,FAIL,
ev6_ec1_n55_s0_gm,165,0.04,6.309,6.311,8.29e-15,0.0424,0.000732,57.923497267759565,-1,-1,FAIL,
ev3_ec4_n9_s1_gm,27,0.361,6.311,6.303,2e-15,0.00403,3.2e-05,125.9375,-1,-1,FAIL,
ev4_ec1_n78_s1_gm,234,0.026,6.309,6.309,1.44e-15,0.085,0.00141,60.283687943262414,-1,-1,FAIL,
ev4_ec1_n93_s0_gm,279,0.02,6.283,6.28,3.61e-15,0.121,0.00194,62.37113402061855,-1,-1,FAIL,
ev9_ec1_n7_s1_gs,14,0.596,6.274,6.261,1.1e-15,0.0033,1e-05,329.99999999999994,-1,-1,FAIL,
ev6_ec1_n95_s0_gm,285,0.031,6.271,6.271,1.44e-15,0.124,0.00209,59.33014354066986,-1,-1,FAIL,
ev3_ec1_n12_s0,12,0.605,6.268,6.23,2.35e-15,0.00324,6.04e-06,536.4238410596026,-1,-1,FAIL,
ev6_ec1_n34_s0,34,0.198,6.268,6.264,2.32e-15,0.00523,4.54e-05,115.19823788546256,-1,-1,FAIL,
ev5_ec4_n24_s1,24,0.299,6.251,6.262,1.7e-15,0.0042,1.31e-05,320.6106870229007,-1,-1,FAIL,
ev9_ec1_n9_s3_gs,18,0.479,6.245,6.257,1.76e-15,0.00354,1.42e-05,249.29577464788736,-1,-1,FAIL,
ev5_ec4_n15_s0_gs,30,0.219,6.254,6.244,2.83e-15,0.0044,1.52e-05,289.47368421052636,-1,-1,FAIL,
tri4_n94_gm,282,0.019,6.252,6.251,3.41e-15,0.129,0.00172,75.0,-1,-1,FAIL,
ev3_ec1_n63_s2,63,0.087,6.247,6.25,2.34e-15,0.00914,0.000112,81.60714285714286,-1,-1,FAIL,
ev5_ec1_n19_s0_gs,38,0.706,6.232,6.249,1.74e-15,0.00432,1.84e-05,234.7826086956522,-1,-1,FAIL,
ev5_ec4_n13_s0_gs,26,0.29,6.232,6.209,3.34e-15,0.00397,1.02e-05,389.2156862745097,-1,-1,FAIL,
ev3_ec1_n19_s3_gm,57,0.12,6.231,6.224,2.24e-15,0.00755,9.21e-05,81.97611292073833,-1,-1,FAIL,
ev6_ec1_n34_s3,34,0.23,6.226,6.209,1.29e-15,0.0053,3.59e-05,147.6323119777159,-1,-1,FAIL,
ev6_ec1_n54_s0,54,0.148,6.225,6.219,1.4e-15,0.00862,8.39e-05,102.74135876042907,-1,-1,FAIL,
ev6_ec1_n100_s1_gm,300,0.027,6.22,6.22,2.15e-15,0.133,0.00219,60.730593607305934,-1,-1,FAIL,
ev5_ec4_n8_s0_gs,16,0.485,6.202,6.22,2.4e-15,0.00353,6.28e-06,562.1019108280256,-1,-1,FAIL,
ev4_ec1_n61_s3_gm,183,0.029,6.197,6.2,6.11e-15,0.0537,0.000902,59.534368070953434,-1,-1,FAIL,
ev5_ec4_n18_s1_gs,36,0.772,6.196,6.197,1.54e-15,0.00423,3.89e-05,108.74035989717225,-1,-1,FAIL,
ev6_ec1_n98_s0,98,0.081,6.191,6.174,1.09e-15,0.0209,0.000328,63.71951219512194,-1,-1,FAIL,
ev5_ec4_n6_s0,6,1.208,6.099,6.167,1.66e-15,0.00324,3.18e-06,1018.8679245283018,-1,-1,FAIL,
ev5_ec4_n31_s0,31,0.224,6.138,6.142,4.21e-15,0.00436,1.4e-05,311.42857142857144,-1,-1,FAIL,
ev5_ec1_n45_s0,45,0.152,6.13,6.141,1.6e-15,0.00633,6.19e-05,102.26171243941842,-1,-1,FAIL,
ev6_ec1_n78_s0_gm,234,0.027,6.131,6.134,1.54e-15,0.0855,0.00144,59.375,-1,-1,FAIL,
ev4_ec1_n42_s1_gm,126,0.039,6.129,6.126,7.09e-15,0.0278,0.000446,62.331838565022416,-1,-1,FAIL,
ev6_ec1_n78_s3_gm,234,0.041,6.123,6.125,1.03e-14,0.0821,0.00153,53.66013071895426,-1,-1,FAIL,
ev5_ec4_n73_s3,73,0.313,6.11,6.124,3.01e-15,0.00961,0.000123,78.130081300813,-1,-1,FAIL,
ev4_ec1_n92_s2_gm,276,0.02,6.116,6.115,3.16e-15,0.118,0.00187,63.101604278074866,-1,-1,FAIL,
ev3_ec1_n48_s3,48,0.157,6.11,6.116,2.88e-15,0.00669,7.58e-05,88.25857519788919,-1,-1,FAIL,
ev4_ec1_n81_s1_gm,243,0.025,6.111,6.112,1.34e-15,0.0906,0.00155,58.45161290322581,-1,-1,FAIL,
ev5_ec4_n25_s1,25,0.285,6.111,6.102,3.1e-15,0.00402,1.39e-05,289.2086330935252,-1,-1,FAIL,
ev3_ec4_n43_s3_gs,86,0.479,6.106,6.105,6.61e-15,0.00837,6.97e-05,120.08608321377332,-1,-1,FAIL,
ev3_ec4_n25_s0,25,0.279,6.092,6.104,2.74e-15,0.004,1.07e-05,373.8317757009346,-1,-1,FAIL,
ev3_ec4_n16_s0,16,0.401,6.071,6.103,2.24e-15,0.00329,6.74e-06,488.1305637982196,-1,-1,FAIL,
ev3_ec4_n28_s1,28,0.239,6.086,6.097,2.68e-15,0.00413,1.33e-05,310.5263157894737,-1,-1,FAIL,
ev6_ec1_n81_s2_gm,243,0.03,6.094,6.092,9.58e-16,0.0904,0.00153,59.08496732026144,-1,-1,FAIL,
tri6_n63_gm,189,0.022,6.092,6.092,3.59e-15,0.0585,0.000886,66.02708803611739,-1,-1,FAIL,
ev5_ec4_n93_s2,93,0.729,6.081,6.089,1.17e-14,0.0121,0.00017,71.17647058823529,-1,-1,FAIL,
ev5_ec1_n42_s2,42,0.161,6.085,6.079,2.02e-15,0.00607,3.05e-05,199.01639344262296,-1,-1,FAIL,
ev4_ec1_n36_s2_gm,108,0.047,6.083,6.085,1.77e-15,0.0213,0.000341,62.4633431085044,-1,-1,FAIL,
ev4_ec4_n41_s2_gm,123,0.052,6.079,6.07,1.5e-15,0.0258,0.000447,57.718120805369125,-1,-1,FAIL,
ev4_ec1_n44_s1_gm,132,0.046,6.068,6.076,1.58e-15,0.0296,0.000494,59.91902834008098,-1,-1,FAIL,
ev3_ec1_n11_s3_gm,33,0.17,6.074,6.069,1.7e-15,0.00459,2.91e-05,157.73195876288662,-1,-1,FAIL,
ev3_ec1_n18_s3_gs,36,0.616,6.062,6.073,2.45e-15,0.00404,1.8e-05,224.44444444444446,-1,-1,FAIL,
ev5_ec1_n25_s1,25,0.298,6.066,6.045,3.05e-15,0.00399,1.48e-05,269.5945945945946,-1,-1,FAIL,
ev3_ec4_n35_s2,35,0.312,6.065,6.065,3.15e-15,0.0047,1.77e-05,265.5367231638418,-1,-1,FAIL,
ev4_ec4_n77_s1_gm,231,0.028,6.054,6.048,1.76e-15,0.084,0.00136,61.76470588235294,-1,-1,FAIL,
ev6_ec1_n96_s3_gm,288,0.027,6.051,6.053,2.69e-15,0.123,0.00225,54.66666666666667,-1,-1,FAIL,
ev4_ec4_n76_s0_gm,228,0.026,6.04,6.05,1.25e-15,0.0818,0.0013,62.92307692307693,-1,-1,FAIL,
ev5_ec1_n47_s3,47,0.132,6.028,6.046,1.59e-15,0.00671,6.73e-05,99.70282317979198,-1,-1,FAIL,
ev3_ec4_n40_s3,40,0.922,6.031,6.041,3.45e-15,0.00508,2.17e-05,234.1013824884793,-1,-1,FAIL,
ev4_ec1_n100_s2_gm,300,0.022,6.034,6.031,1.34e-15,0.139,0.00223,62.33183856502242,-1,-1,FAIL,
ev6_ec1_n23_s2_gm,69,0.115,6.027,6.016,3.49e-15,0.0103,0.000151,68.21192052980132,-1,-1,FAIL,
ev6_ec1_n53_s2_gm,159,0.051,6.011,6.012,1.37e-15,0.0405,0.000711,56.962025316455694,-1,-1,FAIL,
ev9_ec1_n5_s3_gs,10,0.809,6.009,6.004,8.78e-16,0.00314,6.75e-06,465.1851851851852,-1,-1,FAIL,
ev3_ec4_n36_s0,36,0.231,6.004,6.006,2.49e-15,0.00502,1.72e-05,291.86046511627904,-1,-1,FAIL,
ev4_ec1_n35_s0_gm,105,0.065,5.997,5.998,1.12e-15,0.0206,0.000322,63.9751552795031,-1,-1,FAIL,
tri7_n90_gm,270,0.019,5.992,5.994,2.2e-15,0.113,0.00163,69.32515337423314,-1,-1,FAIL,
ev4_ec1_n83_s3_gm,249,0.022,5.993,5.993,1.3e-15,0.0966,0.00155,62.322580645161295,-1,-1,FAIL,
ev5_ec4_n48_s3,48,0.369,5.988,5.988,2.38e-15,0.00601,6.59e-05,91.19878603945371,-1,-1,FAIL,
ev9_ec1_n9_s0_gs,18,0.463,5.974,5.964,1.1e-15,0.0035,1.33e-05,263.15789473684214,-1,-1,FAIL,
ev5_ec4_n68_s3,68,0.372,5.949,5.944,2.84e-15,0.00849,0.000112,75.80357142857142,-1,-1,FAIL,
ev3_ec1_n5_s1_gm,15,0.541,5.94,5.906,1.51e-15,0.00329,9.41e-06,349.62805526036135,-1,-1,FAIL,
ev5_ec1_n30_s0,30,0.212,5.938,5.924,2.14e-15,0.00453,1.86e-05,243.54838709677418,-1,-1,FAIL,
ev5_ec1_n66_s0,66,0.18,5.914,5.919,2.77e-15,0.0102,6.58e-05,155.01519756838906,-1,-1,FAIL,
ev4_ec1_n80_s1_gm,240,0.023,5.899,5.899,2.12e-15,0.0886,0.00146,60.68493150684932,-1,-1,FAIL,
ev6_ec1_n42_s1_gm,126,0.059,5.883,5.894,1.02e-15,0.0264,0.000464,56.89655172413793,-1,-1,FAIL,
tri6_n57_gm,171,0.027,5.887,5.883,3.26e-15,0.0484,0.000738,65.58265582655827,-1,-1,FAIL,
ev3_ec4_n46_s3,46,0.446,5.887,5.881,3.23e-15,0.00575,7.32e-05,78.55191256830601,-1,-1,FAIL,
ev5_ec1_n42_s3_gs,84,0.774,5.876,5.879,2.72e-15,0.00932,0.00019,49.05263157894737,-1,-1,FAIL,
ev5_ec1_n55_s2_gm,165,0.041,5.875,5.874,1.63e-15,0.0405,0.000409,99.02200488997555,-1,-1,FAIL,
ev5_ec1_n57_s3_gs,114,0.623,5.87,5.872,6.7e-15,0.0148,0.000221,66.96832579185521,-1,-1,FAIL,
ev5_ec1_n21_s3_gm,63,0.108,5.869,5.871,2.6e-15,0.00874,9.44e-05,92.58474576271186,-1,-1,FAIL,
ev4_ec1_n46_s2_gm,138,0.052,5.868,5.867,2.08e-15,0.0319,0.000535,59.626168224299064,-1,-1,FAIL,
tri6_n82_gm,246,0.019,5.861,5.864,2.77e-15,0.0983,0.00146,67.32876712328768,-1,-1,FAIL,
ev5_ec1_n92_s3_gm,276,0.025,5.862,5.862,2.75e-15,0.109,0.00108,100.92592592592592,-1,-1,FAIL,
ev3_ec4_n15_s2,15,0.465,5.858,5.851,3.31e-15,0.00353,6e-06,588.3333333333334,-1,-1,FAIL,
tri4_n99_gm,297,0.02,5.852,5.853,2.15e-15,0.145,0.00193,75.12953367875647,-1,-1,FAIL,
ev5_ec1_n18_s3_gm,54,0.135,5.842,5.824,3.38e-15,0.00725,7.64e-05,94.89528795811519,-1,-1,FAIL,
ev4_ec1_n50_s1_gm,150,0.038,5.795,5.804,5.29e-15,0.037,0.000605,61.15702479338843,-1,-1,FAIL,
ev5_ec4_n76_s2,76,0.89,5.779,5.792,1.27e-14,0.00927,4.86e-05,190.74074074074073,-1,-1,FAIL,
ev5_ec4_n67_s1,67,0.154,5.784,5.783,1.94e-15,0.00885,4.37e-05,202.5171624713959,-1,-1,FAIL,
ev5_ec4_n48_s2,48,0.542,5.756,5.771,1.9e-15,0.00598,6.58e-05,90.88145896656535,-1,-1,FAIL,
ev5_ec1_n25_s3_gm,75,0.106,5.767,5.77,2.51e-15,0.0109,0.000114,95.61403508771929,-1,-1,FAIL,
ev4_ec4_n82_s0_gm,246,0.027,5.767,5.766,2.05e-15,0.0943,0.0015,62.86666666666666,-1,-1,FAIL,
ev3_ec1_n54_s1_gm,162,0.047,5.766,5.765,3e-15,0.0403,0.000512,78.71093750000001,-1,-1,FAIL,
ev3_ec4_n23_s3,23,0.929,5.748,5.731,2.88e-15,0.00374,1.08e-05,346.2962962962963,-1,-1,FAIL,
ev3_ec1_n35_s0,35,0.213,5.724,5.744,2.05e-15,0.00506,2.35e-05,215.31914893617022,-1,-1,FAIL,
ev4_ec1_n79_s2_gm,237,0.025,5.743,5.739,8.47e-15,0.0872,0.00142,61.40845070422535,-1,-1,FAIL,
tri4_n61_gm,183,0.024,5.74,5.74,2.97e-15,0.0557,0.000807,69.02106567534076,-1,-1,FAIL,
ev8_ec1_n37_s0_gm,111,0.07,5.73,5.732,2.18e-15,0.0195,0.000481,40.54054054054054,-1,-1,FAIL,
ev4_ec1_n39_s2_gm,117,0.044,5.715,5.723,8.09e-16,0.0234,0.000385,60.779220779220786,-1,-1,FAIL,
ev3_ec1_n94_s1,94,0.063,5.715,5.721,2.08e-15,0.016,0.000216,74.07407407407408,-1,-1,FAIL,
ev5_ec1_n2_s1_gs,4,2.657,5.531,5.715,1.92e-15,0.00306,1.68e-06,1821.4285714285713,-1,-1,FAIL,
ev3_ec1_n25_s1_gs,50,0.8,5.705,5.7,3.59e-15,0.00537,4.88e-05,110.04098360655738,-1,-1,FAIL,
tri7_n59_gm,177,0.03,5.695,5.699,1.26e-15,0.0516,0.000752,68.61702127659575,-1,-1,FAIL,
tri7_n65_gm,195,0.023,5.695,5.691,2.4e-15,0.0596,0.000926,64.36285097192226,-1,-1,FAIL,
ev4_ec4_n81_s1_gm,243,0.037,5.675,5.678,1.27e-15,0.0922,0.0015,61.46666666666667,-1,-1,FAIL,
tri6_n85_gm,255,0.021,5.676,5.677,1.85e-15,0.105,0.00158,66.45569620253164,-1,-1,FAIL,
ev5_ec1_n57_s1_gs,114,0.787,5.673,5.673,2.75e-15,0.0141,0.000198,71.21212121212122,-1,-1,FAIL,
ev5_ec4_n37_s1,37,0.189,5.66,5.662,2.44e-15,0.00506,5.31e-05,95.29190207156309,-1,-1,FAIL,
ev4_ec1_n78_s3_gm,234,0.023,5.65,5.654,1.4e-15,0.0844,0.00139,60.71942446043166,-1,-1,FAIL,
ev5_ec1_n13_s2_gm,39,0.141,5.651,5.645,3.67e-15,0.00534,3.92e-05,136.22448979591837,-1,-1,FAIL,
ev8_ec1_n84_s2_gm,252,0.035,5.648,5.651,5.26e-15,0.0886,0.00211,41.99052132701422,-1,-1,FAIL,
ev3_ec4_n38_s0,38,0.834,5.641,5.649,2.46e-15,0.00485,1.96e-05,247.44897959183675,-1,-1,FAIL,
ev3_ec4_n18_s1,18,0.376,5.645,5.648,2.25e-15,0.00366,7.87e-06,465.05717916137235,-1,-1,FAIL,
ev3_ec1_n75_s0,75,0.088,5.635,5.644,2.08e-15,0.0113,8.75e-05,129.14285714285714,-1,-1,FAIL,
ev5_ec1_n24_s1,24,0.279,5.631,5.638,2.85e-15,0.00404,1.52e-05,265.7894736842105,-1,-1,FAIL,
ev9_ec1_n18_s1_gs,36,0.274,5.622,5.636,3.73e-15,0.00466,4.04e-05,115.34653465346535,-1,-1,FAIL,
ev5_ec4_n11_s3,11,0.707,5.598,5.632,1.92e-15,0.00337,1.69e-05,199.40828402366864,-1,-1,FAIL,
ev3_ec4_n21_s1,21,0.306,5.622,5.575,2.64e-15,0.00369,9.27e-06,398.0582524271845,-1,-1,FAIL,
ev6_ec1_n57_s0_gm,171,0.039,5.622,5.621,1.19e-15,0.0462,0.000794,58.186397984886646,-1,-1,FAIL,
ev5_ec1_n19_s2,19,0.36,5.614,5.62,2.48e-15,0.00369,2.01e-05,183.5820895522388,-1,-1,FAIL,
ev5_ec1_n73_s1_gs,146,0.886,5.619,5.62,2.02e-15,0.0211,0.000331,63.74622356495468,-1,-1,FAIL,
ev8_ec1_n7_s1_gm,21,0.358,5.585,5.61,1.32e-15,0.00375,3.14e-05,119.4267515923567,-1,-1,FAIL,
ev3_ec4_n34_s2,34,0.821,5.581,5.593,2.5e-15,0.00461,1.64e-05,281.0975609756098,-1,-1,FAIL,
ev3_ec1_n78_s1,78,0.08,5.591,5.593,3.03e-15,0.012,0.000107,112.14953271028038,-1,-1,FAIL,
ev9_ec1_n13_s3_gs,26,0.353,5.589,5.584,2.41e-15,0.00386,2.31e-05,167.0995670995671,-1,-1,FAIL,
ev4_ec4_n88_s1_gm,264,0.023,5.587,5.587,2.25e-15,0.108,0.00173,62.42774566473988,-1,-1,FAIL,
ev3_ec1_n39_s3,39,0.169,5.568,5.57,2.28e-15,0.00538,2.99e-05,179.933110367893,-1,-1,FAIL,
ev3_ec1_n19_s0,19,0.385,5.569,5.568,2.7e-15,0.00368,2.05e-05,179.51219512195124,-1,-1,FAIL,
ev3_ec4_n38_s1,38,0.783,5.551,5.567,1.03e-14,0.00495,2.03e-05,243.84236453201973,-1,-1,FAIL,
ev5_ec1_n30_s2,30,0.253,5.549,5.566,2.02e-15,0.00463,1.8e-05,257.2222222222222,-1,-1,FAIL,
ev5_ec4_n35_s1,35,0.2,5.565,5.552,2.96e-15,0.00481,1.77e-05,271.75141242937855,-1,-1,FAIL,
ev9_ec1_n5_s2_gs,10,0.847,5.56,5.551,6.58e-16,0.00319,7.63e-06,418.08650065530804,-1,-1,FAIL,
ev5_ec1_n13_s0_gs,26,0.815,5.537,5.556,2.32e-15,0.00376,1.12e-05,335.7142857142857,-1,-1,FAIL,
ev4_ec4_n87_s3_gm,261,0.023,5.551,5.555,7.84e-15,0.11,0.00173,63.58381502890173,-1,-1,FAIL,
ev6_ec1_n10_s3,10,0.595,5.527,5.553,9.71e-16,0.0032,8.05e-06,397.5155279503106,-1,-1,FAIL,
ev3_ec1_n48_s2_gm,144,0.044,5.551,5.552,2.66e-15,0.0316,0.000397,79.59697732997482,-1,-1,FAIL,
ev3_ec1_n42_s3_gs,84,0.722,5.549,5.55,2.34e-15,0.0091,0.000138,65.94202898550725,-1,-1,FAIL,
ev3_ec1_n100_s1_gm,300,0.023,5.54,5.538,2.93e-15,0.132,0.00148,89.1891891891892,-1,-1,FAIL,
ev9_ec1_n21_s0_gm,63,0.204,5.54,5.54,6.8e-15,0.00767,9.8e-05,78.26530612244898,-1,-1,FAIL,
ev6_ec1_n36_s2_gm,108,0.106,5.537,5.537,2.21e-15,0.02,0.000339,58.99705014749263,-1,-1,FAIL,
ev3_ec4_n90_s3,90,0.962,5.536,5.535,1.64e-14,0.0115,8.29e-05,138.72135102533173,-1,-1,FAIL,
ev6_ec1_n33_s3,33,0.215,5.518,5.535,1.55e-15,0.00525,3.52e-05,149.14772727272728,-1,-1,FAIL,
tri4_n75_gm,225,0.029,5.529,5.521,2.34e-15,0.0813,0.00121,67.1900826446281,-1,-1,FAIL,
ev9_ec1_n29_s1_gs,58,0.173,5.513,5.526,5.71e-15,0.00732,0.0001,73.2,-1,-1,FAIL,
ev5_ec4_n76_s0_gs,152,0.734,5.514,5.512,2.64e-14,0.017,0.000159,106.9182389937107,-1,-1,FAIL,
ev4_ec4_n80_s2_gm,240,0.021,5.514,5.513,1.07e-15,0.0889,0.00144,61.736111111111114,-1,-1,FAIL,
ev5_ec1_n23_s2_gs,46,0.903,5.51,5.5,2.02e-15,0.00514,7.04e-05,73.01136363636363,-1,-1,FAIL,
tri4_n93_gm,279,0.019,5.506,5.509,3.62e-15,0.125,0.00175,71.42857142857143,-1,-1,FAIL,
ev3_ec1_n60_s0,60,0.125,5.5,5.501,2.64e-15,0.00862,5.9e-05,146.10169491525423,-1,-1,FAIL,
ev5_ec4_n23_s1,23,0.328,5.496,5.491,2.65e-15,0.00385,3.06e-05,125.8169934640523,-1,-1,FAIL,
ev3_ec1_n13_s0,13,0.496,5.494,5.428,2.1e-15,0.00329,6.82e-06,482.4046920821114,-1,-1,FAIL,
tri6_n99_gm,297,0.014,5.486,5.487,5.2e-15,0.144,0.00206,69.9029126213592,-1,-1,FAIL,
ev5_ec4_n11_s3_gs,22,0.317,5.471,5.485,2.27e-15,0.00381,3.21e-05,118.69158878504673,-1,-1,FAIL,
ev4_ec4_n73_s3_gm,219,0.028,5.479,5.479,2.17e-15,0.0756,0.00124,60.96774193548387,-1,-1,FAIL,
ev3_ec1_n52_s3,52,0.125,5.476,5.462,2.13e-15,0.00698,4.71e-05,148.19532908704883,-1,-1,FAIL,
ev3_ec1_n90_s2,90,0.099,5.465,5.466,2.3e-15,0.0151,0.000204,74.01960784313725,-1,-1,FAIL,
ev5_ec4_n77_s1_gm,231,0.028,5.453,5.456,2.78e-15,0.0338,0.000233,145.06437768240343,-1,-1,FAIL,
ev5_ec4_n37_s2,37,0.839,5.451,5.45,2.1e-15,0.00476,1.63e-05,292.02453987730064,-1,-1,FAIL,
ev5_ec1_n44_s2_gm,132,0.053,5.446,5.451,2.61e-15,0.0281,0.000226,124.33628318584071,-1,-1,FAIL,
ev4_ec1_n69_s3_gm,207,0.028,5.45,5.451,1.43e-15,0.0708,0.00117,60.51282051282051,-1,-1,FAIL,
tri7_n96_gm,288,0.022,5.448,5.447,1.14e-15,0.13,0.00192,67.70833333333333,-1,-1,FAIL,
ev4_ec1_n68_s1_gm,204,0.03,5.446,5.446,1.88e-15,0.0659,0.00112,58.83928571428572,-1,-1,FAIL,
tri7_n79_gm,237,0.024,5.445,5.442,2.16e-15,0.088,0.00129,68.2170542635659,-1,-1,FAIL,
tri6_n56_gm,168,0.031,5.44,5.437,2.89e-15,0.0464,0.000722,64.26592797783933,-1,-1,FAIL,
ev3_ec1_n25_s1_gm,75,0.08,5.435,5.43,3.78e-15,0.011,0.000116,94.82758620689654,-1,-1,FAIL,
ev8_ec1_n12_s2_gm,36,0.216,5.412,5.432,2.89e-15,0.00487,4.58e-05,106.33187772925764,-1,-1,FAIL,
ev4_ec1_n91_s0_gm,273,0.019,5.421,5.422,1.43e-15,0.115,0.00186,61.82795698924731,-1,-1,FAIL,
ev3_ec4_n82_s1,82,0.657,5.417,5.421,1.32e-14,0.0103,6.89e-05,149.49201741654574,-1,-1,FAIL,
ev6_ec1_n65_s1_gm,195,0.039,5.415,5.412,1.29e-15,0.0576,0.00101,57.02970297029702,-1,-1,FAIL,
ev3_ec4_n21_s0_gs,42,0.832,5.402,5.411,2.59e-15,0.00436,1.5e-05,290.6666666666667,-1,-1,FAIL,
ev3_ec4_n51_s0,51,0.961,5.406,5.404,7.38e-15,0.00616,3.26e-05,188.9570552147239,-1,-1,FAIL,
ev4_ec4_n84_s0_gm,252,0.026,5.397,5.403,2.16e-15,0.099,0.00158,62.65822784810127,-1,-1,FAIL,
ev3_ec1_n9_s2_gm,27,0.279,5.401,5.403,1.94e-15,0.0042,1.68e-05,250.0,-1,-1,FAIL,
ev5_ec1_n32_s1,32,0.182,5.394,5.401,2.05e-15,0.00478,2.09e-05,228.7081339712919,-1,-1,FAIL,
ev3_ec1_n15_s0_gs,30,0.736,5.377,5.4,1.75e-15,0.00381,1.38e-05,276.0869565217391,-1,-1,FAIL,
ev5_ec1_n44_s3_gs,88,0.721,5.393,5.399,2.72e-15,0.00983,0.00018,54.61111111111111,-1,-1,FAIL,
ev5_ec1_n19_s1_gs,38,0.731,5.395,5.398,2.58e-15,0.00426,1.84e-05,231.52173913043478,-1,-1,FAIL,
ev5_ec1_n54_s0,54,0.126,5.392,5.391,2.99e-15,0.00746,4.73e-05,157.7167019027484,-1,-1,FAIL,
ev9_ec1_n11_s2_gs,22,0.437,5.375,5.378,1.32e-15,0.00363,1.76e-05,206.25,-1,-1,FAIL,
ev6_ec1_n61_s1_gm,183,0.041,5.375,5.373,1.57e-15,0.0515,0.000907,56.7805953693495,-1,-1,FAIL,
ev6_ec1_n30_s3_gm,90,0.062,5.375,5.37,2.63e-15,0.0151,0.000241,62.65560165975104,-1,-1,FAIL,
ev4_ec1_n86_s2_gm,258,0.024,5.366,5.368,1.68e-15,0.104,0.00169,61.53846153846153,-1,-1,FAIL,
ev5_ec1_n97_s1,97,0.118,5.363,5.366,1.89e-15,0.0177,0.000127,139.37007874015748,-1,-1,FAIL,
tri4_n44_gm,132,0.037,5.363,5.358,2.42e-15,0.0301,0.000453,66.44591611479028,-1,-1,FAIL,
ev5_ec1_n16_s3_gs,32,0.907,5.317,5.346,3.41e-15,0.00402,1.7e-05,236.47058823529412,-1,-1,FAIL,
tri7_n95_gm,285,0.017,5.343,5.341,1.4e-15,0.127,0.00188,67.55319148936171,-1,-1,FAIL,
ev4_ec1_n31_s1_gm,93,0.055,5.34,5.342,1.42e-15,0.0165,0.000264,62.5,-1,-1,FAIL,
tri4_n73_gm,219,0.025,5.321,5.327,1.65e-15,0.0786,0.00112,70.17857142857143,-1,-1,FAIL,
ev3_ec4_n21_s1_gm,63,0.433,5.322,5.318,5.89e-15,0.0056,9.2e-05,60.869565217391305,-1,-1,FAIL,
ev5_ec1_n27_s1,27,0.241,5.303,5.318,2.63e-15,0.00421,1.73e-05,243.35260115606937,-1,-1,FAIL,
ev5_ec1_n19_s3_gm,57,0.124,5.318,5.313,3.16e-15,0.00776,7.88e-05,98.4771573604061,-1,-1,FAIL,
ev4_ec1_n36_s3_gm,108,0.044,5.312,5.313,1.3e-15,0.0213,0.000355,60.0,-1,-1,FAIL,
tri7_n100_gm,300,0.018,5.302,5.305,1.41e-15,0.139,0.00205,67.8048780487805,-1,-1,FAIL,
ev4_ec4_n95_s2_gm,285,0.019,5.304,5.304,1.5e-15,0.124,0.002,62.0,-1,-1,FAIL,
ev3_ec1_n11_s0_gm,33,0.183,5.28,5.296,1.61e-15,0.0047,2.79e-05,168.45878136200716,-1,-1,FAIL,
ev3_ec1_n9_s0_gm,27,0.272,5.295,5.287,1.7e-15,0.00429,1.67e-05,256.88622754491024,-1,-1,FAIL,
ev4_ec4_n36_s2_gm,108,0.053,5.288,5.288,8.1e-15,0.0213,0.00035,60.857142857142854,-1,-1,FAIL,
ev3_ec1_n7_s3_gm,21,0.356,5.284,5.242,2.58e-15,0.0037,1.33e-05,278.1954887218045,-1,-1,FAIL,
ev5_ec1_n36_s0_gs,72,0.621,5.272,5.28,3.76e-15,0.00739,0.000104,71.0576923076923,-1,-1,FAIL,
ev5_ec4_n9_s2_gs,18,0.83,5.266,5.269,1.46e-15,0.00338,7.74e-06,436.69250645994833,-1,-1,FAIL,
ev3_ec4_n23_s2,23,0.521,5.247,5.266,3.86e-15,0.00367,1.05e-05,349.5238095238096,-1,-1,FAIL,
ev3_ec1_n80_s0_gm,240,0.03,5.265,5.255,2.61e-15,0.0826,0.00101,81.78217821782178,-1,-1,FAIL,
ev5_ec1_n39_s3,39,0.168,5.263,5.254,2.59e-15,0.00559,2.8e-05,199.64285714285717,-1,-1,FAIL,
ev5_ec1_n17_s1_gs,34,0.23,5.24,5.256,3.4e-15,0.00489,2.56e-05,191.01562500000003,-1,-1,FAIL,
ev5_ec1_n16_s0,16,0.42,5.252,5.25,1.67e-15,0.00349,8.3e-06,420.48192771084337,-1,-1,FAIL,
ev4_ec4_n80_s1_gm,240,0.023,5.247,5.249,2.05e-15,0.0892,0.0015,59.46666666666667,-1,-1,FAIL,
ev6_ec1_n94_s2_gm,282,0.025,5.247,5.244,1.32e-15,0.121,0.00198,61.11111111111111,-1,-1,FAIL,
tri4_n100_gm,300,0.025,5.246,5.247,2.42e-15,0.147,0.00199,73.86934673366834,-1,-1,FAIL,
ev3_ec4_n26_s1_gs,52,0.425,5.244,5.233,3.35e-15,0.00523,2.47e-05,211.74089068825913,-1,-1,FAIL,
ev6_ec1_n98_s1_gs,196,0.335,5.229,5.228,1.05e-15,0.0436,0.000491,88.79837067209776,-1,-1,FAIL,
tri4_n95_gm,285,0.024,5.22,5.225,3.19e-15,0.131,0.00182,71.97802197802199,-1,-1,FAIL,
ev5_ec4_n26_s2,26,0.97,5.211,5.219,2.21e-15,0.00405,1.2e-05,337.5,-1,-1,FAIL,
ev3_ec4_n35_s2_gs,70,1.089,5.216,5.217,2.28e-14,0.00637,3.77e-05,168.9655172413793,-1,-1,FAIL,
ev3_ec1_n27_s1_gs,54,0.103,5.205,5.205,2.56e-15,0.00741,5.72e-05,129.54545454545453,-1,-1,FAIL,
ev6_ec1_n34_s0_gm,102,0.053,5.203,5.205,9.65e-16,0.019,0.000311,61.09324758842443,-1,-1,FAIL,
ev6_ec1_n93_s0,93,0.06,5.179,5.186,9.42e-16,0.0192,0.000236,81.35593220338983,-1,-1,FAIL,
ev5_ec4_n16_s3_gm,48,0.57,5.177,5.179,3.9e-15,0.00431,4.77e-05,90.35639412997902,-1,-1,FAIL,
ev3_ec1_n56_s3,56,0.11,5.179,5.172,2.22e-15,0.00761,6.12e-05,124.34640522875817,-1,-1,FAIL,
ev5_ec4_n27_s0,27,1.007,5.167,5.176,3.3e-15,0.00428,1.18e-05,362.7118644067796,-1,-1,FAIL,
ev8_ec1_n77_s1_gm,231,0.038,5.174,5.17,1.41e-15,0.0781,0.00174,44.88505747126437,-1,-1,FAIL,
ev6_ec1_n42_s1,42,0.177,5.149,5.168,9.69e-16,0.00633,5.19e-05,121.96531791907513,-1,-1,FAIL,
ev4_ec4_n88_s3_gm,264,0.025,5.158,5.153,1.82e-15,0.107,0.00178,60.1123595505618,-1,-1,FAIL,
ev5_ec1_n73_s3,73,0.083,5.153,5.158,2.1e-15,0.0112,8.51e-05,131.60987074030552,-1,-1,FAIL,
ev5_ec1_n7_s1_gm,21,0.32,5.157,5.144,2.15e-15,0.00382,1.38e-05,276.81159420289856,-1,-1,FAIL,
ev4_ec4_n96_s1_gm,288,0.018,5.15,5.153,1.37e-15,0.127,0.00208,61.057692307692314,-1,-1,FAIL,
ev6_ec1_n50_s2_gm,150,0.053,5.153,5.153,3.88e-15,0.0356,0.000613,58.075040783034254,-1,-1,FAIL,
ev3_ec1_n71_s1,71,0.091,5.138,5.147,2.43e-15,0.0105,0.000141,74.46808510638297,-1,-1,FAIL,
ev5_ec1_n78_s3,78,0.085,5.136,5.146,1.82e-15,0.0125,9.83e-05,127.1617497456765,-1,-1,FAIL,
tri3_n21_gm,63,0.143,5.143,5.144,2.25e-15,0.00879,0.000118,74.49152542372882,-1,-1,FAIL,
ev5_ec4_n7_s2,7,0.924,5.061,5.144,1.43e-15,0.00312,4.6e-06,678.2608695652174,-1,-1,FAIL,
ev3_ec4_n52_s0,52,0.521,5.135,5.136,2.5e-15,0.00635,8.2e-05,77.4390243902439,-1,-1,FAIL,
ev6_ec1_n17_s3_gs,34,0.379,5.119,5.127,8.92e-16,0.00427,2.4e-05,177.91666666666669,-1,-1,FAIL,
ev5_ec1_n28_s3,28,0.243,5.103,5.122,2.24e-15,0.00437,1.84e-05,237.5,-1,-1,FAIL,
ev3_ec1_n64_s0,64,0.1,5.106,5.114,1.74e-15,0.00938,0.000117,80.17094017094017,-1,-1,FAIL,
ev9_ec1_n15_s2_gs,30,0.316,5.113,5.092,1.54e-15,0.00415,3.01e-05,137.87375415282392,-1,-1,FAIL,
tri4_n56_gm,168,0.026,5.108,5.111,3.7e-15,0.0471,0.000702,67.09401709401709,-1,-1,FAIL,
ev3_ec1_n69_s0,69,0.095,5.109,5.103,2.27e-15,0.00998,7.64e-05,130.62827225130889,-1,-1,FAIL,
ev5_ec4_n50_s3,50,0.219,5.102,5.099,2.75e-15,0.00609,2.61e-05,233.33333333333331,-1,-1,FAIL,
ev5_ec4_n21_s3,21,0.805,5.086,5.091,1.77e-15,0.00376,8.06e-06,466.50124069478903,-1,-1,FAIL,
ev6_ec1_n11_s3,11,0.499,5.005,5.083,1.09e-15,0.00327,7.98e-06,409.77443609022555,-1,-1,FAIL,
ev9_ec1_n6_s0_gs,12,0.775,5.056,5.073,6.58e-16,0.00324,8.29e-06,390.832328106152,-1,-1,FAIL,
ev3_ec4_n74_s0_gs,148,0.678,5.065,5.062,2.11e-14,0.0168,0.000167,100.59880239520957,-1,-1,FAIL,
ev4_ec1_n96_s2_gm,288,0.018,5.062,5.056,1.07e-15,0.129,0.00201,64.17910447761194,-1,-1,FAIL,
ev6_ec1_n22_s3_gs,44,0.539,5.059,5.047,1.62e-15,0.00508,3.67e-05,138.41961852861039,-1,-1,FAIL,
ev5_ec4_n88_s1_gs,176,1.001,5.054,5.052,1.81e-14,0.0245,0.000288,85.06944444444444,-1,-1,FAIL,
ev6_ec1_n64_s0,64,0.086,5.039,5.054,8.97e-16,0.0109,0.000154,70.77922077922078,-1,-1,FAIL,
ev5_ec1_n28_s0,28,0.251,5.051,5.028,2.79e-15,0.00448,1.73e-05,258.9595375722543,-1,-1,FAIL,
ev5_ec4_n29_s2_gs,58,1.027,5.05,5.048,1.31e-14,0.00553,2.69e-05,205.57620817843866,-1,-1,FAIL,
ev5_ec1_n64_s3,64,0.114,5.048,5.037,2.22e-15,0.00946,0.000108,87.5925925925926,-1,-1,FAIL,
ev3_ec1_n74_s1,74,0.081,5.044,5.04,2.31e-15,0.0112,0.00014,80.0,-1,-1,FAIL,
ev6_ec1_n59_s3_gm,177,0.045,5.039,5.041,1.5e-15,0.0486,0.000833,58.34333733493397,-1,-1,FAIL,
tri4_n87_gm,261,0.021,5.024,5.027,4.94e-15,0.11,0.00155,70.96774193548387,-1,-1,FAIL,
ev5_ec4_n30_s2,30,0.909,5.023,5.01,1.69e-15,0.00433,1.3e-05,333.0769230769231,-1,-1,FAIL,
ev4_ec1_n70_s2_gm,210,0.03,5.02,5.018,7.55e-15,0.0698,0.00114,61.2280701754386,-1,-1,FAIL,
ev3_ec1_n41_s0_gm,123,0.056,5.014,5.016,2.4e-15,0.0251,0.000309,81.22977346278319,-1,-1,FAIL,
ev6_ec1_n39_s2_gm,117,0.061,5.011,5.015,2.38e-15,0.0227,0.00037,61.351351351351354,-1,-1,FAIL,
ev3_ec1_n16_s2_gs,32,0.944,4.986,5.011,3.22e-15,0.00396,2.43e-05,162.96296296296296,-1,-1,FAIL,
ev3_ec1_n15_s1,15,0.378,5.009,4.965,2.93e-15,0.00339,7.63e-06,444.2988204456094,-1,-1,FAIL,
ev5_ec1_n31_s1,31,0.208,4.991,5.002,2.7e-15,0.00451,3.43e-05,131.48688046647231,-1,-1,FAIL,
ev8_ec1_n8_s2_gm,24,0.343,4.974,5.001,2.17e-15,0.00387,2.12e-05,182.54716981132077,-1,-1,FAIL,
